sermon_id,service_type,series_candidate,series_slug,series_part,event_name,display_title
732119686,culto,,,1,,O Quarto Mandamento (1)
876988777,culto,,,,,"Mateus 6.12,14 e15"
898460020,culto,CFW 28,cfw-28,78,,Aula 78 - CFW 28 - Batismo infantil
732127057,culto,,,,,Isaías 11
873047122,culto,,,,,Mateus 6.11
696290741,culto,CFW 23,cfw-23,90,,Aula 90 - CFW 23 - Magistrado civil - Os princípio das leis do Antigo Testamento (2)
1551686110,ebd,Escolhendo Presbíteros,escolhendo-presbiteros,2,,EBD - Escolhendo Presbíteros - Aula 2
696283831,culto,CFW 23,cfw-23,89,,Aula 89 - CFW 23 - Magistrado civil - Os princípio das leis do Antigo Testamento
1519139869,culto,,,,,Efésios 3.1-6 - O ministério de Cristo
676484495,culto,CFW 23,cfw-23,86,,Aula 86 - CFW 23 - Magistrado civil - Introdução
1410043093,culto,,,,,"Efésios 1.9,10 - Convergindo todas as coisas em Cristo"
1789208650,culto,,,,,Apocalipse 2.1-7
678013749,culto,CFW 23,cfw-23,87,,Aula 87 - CFW 23 - Magistrado civil - Soberania de Deus
1440322891,culto,,,,,"Efésios 1.18-19 - ""Iluminados os olhos do vosso coração para saberdes"""
1543816963,ebd,"Ensinando no caminho, ensinando na palavra",ensinando-no-caminho-ensinando-na-palavra,2,,"EBD - Ensinando no caminho, ensinando na palavra II"
999724447,ebd,Apologética,apologetica,,,EBD - Apologética
1337445385,ebd,Sinais,sinais,,,EBD - Sinais
713940766,culto,,,,,I João 3.19-24
681248063,congresso,I Congresso Peregrinos,i-congresso-peregrinos,,I Congresso Peregrinos,Santificação - Partes da Santificação
910729888,ebd,O nono mandamento,o-nono-mandamento,,,ED - O nono mandamento
696289836,culto,,,,,Isaías 7.17-8.8
768719251,culto,,,,,Como a palavra de Deus afeta nossas emoções e sentimentos
1711220856,culto,,,,,Ageu 1 - A casa de Deus em ruínas
1674363231,ebd,,,,,EBD - Atos 10.1-23
681509552,congresso,I Congresso Peregrinos,i-congresso-peregrinos,,I Congresso Peregrinos,Santificação - Prática da Santificação
844353937,confraria,,,,,Confraria Peregrinos
1718565339,culto,,,,,Ageu 2
681251273,congresso,I Congresso Peregrinos,i-congresso-peregrinos,,I Congresso Peregrinos,Santificação - Perigos em relação a Santificação
1543328587,ebd,Permanência no casamento,permanencia-no-casamento,2,,EBD - Permanência no casamento II
696295951,culto,,,,,Isaías 8.9-15
1540189468,ebd,Permanência no casamento,permanencia-no-casamento,1,,EBD - Permanência no casamento I
696314167,culto,,,,,Jonas 3
681242762,congresso,I Congresso Peregrinos,i-congresso-peregrinos,,I Congresso Peregrinos,Santificação - Princípios da Santificação
1377637159,ebd,Adoração Bíblica,adoracao-biblica,,,EBD - Adoração Bíblica
1120404124,ebd,"Presbíteros, Bispos e Pastores",presbiteros-bispos-e-pastores,3,,"EBD - Presbíteros, Bispos e Pastores - Aula 3"
772956310,culto,,,,,O oitavo mandamento
688431466,culto,,,88,,Aula 88 -O primeiro e segundo mandamentos e os símbolos de fé
924118537,ebd,Culto doméstico,culto-domestico,,,EBD - Culto doméstico
1540178617,culto,,,,,Apocalipse 1.1-3
1324619557,culto,,,,,João 2.1-11
904514971,ebd,O décimo mandamento,o-decimo-mandamento,,,ED - O décimo mandamento
990918361,ebd,,,3,,EBD - Josué (3)
1855461150,ebd,CFW 3,cfw-3,1,,EBD - CFW 3 - Do Eterno Decreto de Deus Parte I
1789199755,ebd,,,,,EBD - Atos 20.1-19
917455591,culto,,,,,Joel 2.28-32
1820450442,culto,,,,,"1 Timóteo 1.16,17 - Ser como Paulo, um modelo"
1972738531,ebd,"Casamento, o preparo",casamento-o-preparo,,,"EBD - Casamento, o preparo"
1438667848,ebd,,,,,EBD - Atos 5.17-42
1281230572,culto,,,,,Êxodo 20.8-11
1782875676,ebd,,,,,EBD - Atos 19.8-41
1800866554,ebd,,,,,EBD - Atos 23 - 24
1176319066,ebd,Reforma Protestante e Suas Contribuições,reforma-protestante-e-suas-contribuicoes,,,EBD - Reforma Protestante e Suas Contribuições
1392258598,ebd,Adoração Bíblica,adoracao-biblica,2,,EBD - Adoração Bíblica - Parte 2
676486034,culto,,,,,Isaías 7.1-9
772962073,culto,,,,,Mateus 5.9
1176327160,ebd,,,,,EBD - 1 Samuel
1461930868,ebd,,,,,EBD - Atos 7
1867625913,ebd,CFW 3,cfw-3,,,EBD - CFW 3 - Do Eterno Decreto de Deus
768742057,culto,,,2,,O Sexto Mandamento e o Corpo (2)
1819284144,ebd,A Confissão de Fé de Westminster,a-confissao-de-fe-de-westminster,,,EBD - A Confissão de Fé de Westminster
1120351786,ebd,"Presbíteros, Bispos e Pastores",presbiteros-bispos-e-pastores,2,,"EBD - Presbíteros, Bispos e Pastores - Aula 2"
1467388156,ebd,Sobre o vinho na ceia,sobre-o-vinho-na-ceia,2,,EBD - Sobre o vinho na ceia - Aula 2 - O vinho na Bíblia
1361305654,culto,,,,,Palestra Para Solteiros
990902812,ebd,,,2,,EBD - Josué (2)
1895968185,conferencia,VI Conferência Peregrinos,vi-conferencia-peregrinos,,VI Conferência Peregrinos,VI Conferência Peregrinos -  Aconselhando Uns Aos outros - Mudança De Comportamento
1888103361,conferencia,VI Conferência Peregrinos,vi-conferencia-peregrinos,,VI Conferência Peregrinos,VI Conferência Peregrinos - Aconselhando Uns Aos outros - O uso das narrativas no aconselhamento bíblico
976436881,ebd,O dia do Senhor,o-dia-do-senhor,,,EBD - O dia do Senhor
1543835521,ebd,Escolhendo Presbíteros,escolhendo-presbiteros,1,,EBD - Escolhendo Presbíteros - Aula 1
1231789234,ebd,O dia do Senhor,o-dia-do-senhor,,,EBD - O dia do Senhor
1561393408,ebd,Escolhendo Presbíteros,escolhendo-presbiteros,3,,EBD - Escolhendo Presbíteros - Aula 3
926330512,ebd,,,,,EBD - Êxodo 1-18
1298946445,ebd,,,10,,EBD - 2 Samuel (10)
768778078,diaconia,Diaconia,diaconia,4,,Diaconia - Aula 4
1438663378,ebd,,,,,EBD - Atos 5.1-16
1231796089,culto,,,,,História da redenção e Projeto Panamá
1543993186,culto,,,,,"1 Timóteo 1.8-11 - ""A lei é boa"""
768771580,diaconia,Diaconia,diaconia,3,,Diaconia - Aula 3
1770777756,ebd,,,,,EBD - Atos 18.23-28-22; 19.1-7
934109098,ebd,,,,,EBD - Êxodo 19-40
1004423593,ebd,,,3,,EBD - Juízes - Parte 3
1199379403,ebd,Diaconia,diaconia,1,,EDB - Diaconia Aula 1
1374554638,ebd,,,,,EBD - Atos 2.14-47
1701557700,ebd,A Enfermidade na Vida Cristã,a-enfermidade-na-vida-crista,,,EBD - A Enfermidade na Vida Cristã
745716259,culto,,,,,O Quinto Mandamento
1349841106,ebd,O Livro dos Reis,o-livro-dos-reis,,,EBD - O Livro dos Reis - 1 Rs 6.14 a 7.51
910737763,culto,,,,,1 Pedro 3.13-17
941012464,culto,,,,,Êxodo 32-34.9
1641333990,ebd,,,,,EBD - Atos 9.20-31
904702243,culto,,,,,Mateus 7.1-6
1974908959,ebd,CFW 12,cfw-12,,,EBD - CFW 12 - Da Adoção
1519147972,ebd,"Ensinando no caminho, ensinando na Palavra",ensinando-no-caminho-ensinando-na-palavra,,,"EBD - Ensinando no caminho, ensinando na Palavra"
924123754,culto,,,,,1 Pedro 4.1-6
1186303417,ebd,,,,,EBD - 1 Samuel
1243327906,ebd,O dia do Senhor,o-dia-do-senhor,2,,EBD - O dia do Senhor (2)
1374610597,ebd,,,,,EBD - Atos 3
976450375,ebd,,,1,,EBD - Josué (1)
1880055777,ebd,CFW 3,cfw-3,,,EBD - CFW 3 - Do Eterno Decreto de Deus - Efésios 1.3-14
950736802,culto,,,,,Mateus 7.15-23
1613154447,ebd,,,,,EBD - Atos 8.25-40
1569679444,ebd,Escolhendo Diáconos,escolhendo-diaconos,1,,EBD - Escolhendo Diáconos - Aula 1
1420235239,ebd,,,,,EBD - Atos 4
1750093614,ebd,,,,,EBD - Atos 17.15-34
1176318775,ebd,Sola Fide,sola-fide,,,EBD - Sola Fide - Somente a Fé
1706538447,ebd,,,,,EBD - Atos 14
1561411696,ebd,Escolhendo Presbíteros,escolhendo-presbiteros,4,,EBD - Escolhendo Presbíteros - Aula 4
917458672,ebd,,,,,EBD - Gênesis 12-50
1517268859,culto,,,,,Filipenses 1.1-5
1311122305,ebd,O Livro dos Reis,o-livro-dos-reis,,,EBD - O Livro dos Reis - 1 Rs 1 e 2
1337538826,ebd,,,,,EBD - Atos 1.8-26
1346064853,ebd,Graça Eficaz,graca-eficaz,,,EBD - Graça Eficaz
733999195,culto,,,1,,O Sexto Mandamento e o Corpo (1)
1186283743,ebd,,,,,EBD - 1 Samuel
966274549,ebd,,,,,EBD - Deuteronômio 1-26
990947275,ebd,,,1,,EBD - Juízes - Parte 1
912767914,ebd,,,,,EBD - Gênesis 1-11
943556527,culto,,,,,2 Samuel 9
1745538255,ebd,,,,,EBD - Atos 17.10-14
1888247964,conferencia,VI Conferência Peregrinos,vi-conferencia-peregrinos,,VI Conferência Peregrinos,VI Conferência Peregrinos - Aconselhando Uns Aos outros - Introdução ao aconselhamento bíblico
1612338510,ebd,,,,,EBD - Tito 3
772955293,culto,,,,,O sétimo mandamento
929476951,conferencia,II Conferência Peregrinos,ii-conferencia-peregrinos,3,II Conferência Peregrinos,Igreja de Cristo no Antigo Testamento (3)
1888473222,conferencia,VI Conferência Peregrinos,vi-conferencia-peregrinos,,VI Conferência Peregrinos,VI Conferência Peregrinos - Aconselhando Uns Aos outros - Introdução ao aconselhamento bÍblico (II)
1210543666,ebd,Diaconia,diaconia,4,,EBD - Diaconia Aula 4
1268801233,culto,,,,,1 Pedro 4.7-11
1220830990,ebd,Atributos de Deus,atributos-de-deus,,,EBD - Atributos de Deus - Onisciência
745716865,culto,,,1,,As bases bíblicas da educação cristã (1)
1585036807,ebd,Escolhendo Diáconos,escolhendo-diaconos,3,,EBD - Escolhendo Diáconos - Aula 3
1461931729,ebd,Sobre o vinho na ceia,sobre-o-vinho-na-ceia,1,,EBD - Sobre o vinho na ceia - Aula 1 - O vinho na Bíblia
1004401606,ebd,,,2,,EBD - Juízes - Parte 2
1867816125,culto,,,,,"Apocalipse 2.8-11 - Sê fiel até a morte, e dar-te-ei a coroa da vida"
768751630,diaconia,Diaconia,diaconia,1,,Diaconia - Aula 1
1268989900,ebd,,,6,,EBD - 2 Samuel (6)
1795566427,ebd,,,,,EBD - Atos 21 e 22
688435093,culto,,,,,I Pedro 3.1-7
1701800850,ebd,,,,,EBD - Atos 13.4-52
1142779882,ebd,"Presbíteros, Bispos e Pastores",presbiteros-bispos-e-pastores,5,,"EBD - Presbíteros, Bispos e Pastores - Aula 5"
1346068804,ebd,O Livro dos Reis,o-livro-dos-reis,,,EBD - O Livro dos Reis - 1 Rs 5 a 6.13
941030242,culto,,,,,Mateus 7.13-14
958237837,ebd,,,,,EBD - Números 15-36
1105308331,ebd,,,4,,EBD - Juízes - Parte 4
929252041,conferencia,II Conferência Peregrinos,ii-conferencia-peregrinos,2,II Conferência Peregrinos,Igreja de Cristo no Antigo Testamento (2)
1120324048,ebd,"Presbíteros, Bispos e Pastores",presbiteros-bispos-e-pastores,1,,"EBD - Presbíteros, Bispos e Pastores - Aula 1"
1324612273,ebd,,,,,EBD - Atos 1.1-7
1488260560,ebd,,,,,EBD - Atos 8.1-4
1310650318,ebd,O Livro dos Reis,o-livro-dos-reis,,,EBD - O Livro dos Reis - Introdução
1392798385,ebd,O Livro dos Reis,o-livro-dos-reis,,,EBD - O Livro dos Reis - 1 Rs  9 e 10
1291228063,ebd,,,9,,EBD - 2 Samuel (9)
1164187987,ebd,As Marcas de Uma Igreja Fiel,as-marcas-de-uma-igreja-fiel,,,EBD - As Marcas de Uma Igreja Fiel
943542745,ebd,,,,,EBD - Levítico 16-27
1540200088,ebd,Cultuando com toda a Família,cultuando-com-toda-a-familia,,,EBD - Cultuando com toda a Família
840114226,culto,,,,,Mateus 5.33-37
1199386144,ebd,Diaconia,diaconia,2,,EBD - Diaconia Aula 2
1837952967,culto,,,,,Deuteronômio 6.10-25
1687304721,ebd,,,,,EBD - Atos 11
1806925899,culto,,,,,Efésios 5.31-33 - Temor
745716007,culto,,,,,Mateus 5.3
1830355353,ebd,CFW 1,cfw-1,2,,EBD - CFW 1 -  Da Sagradas Escrituras II
1806046071,ebd,,,,,EBD - Atos 25 - 26
1115963209,ebd,,,,,EBD - Rute
1517246116,ebd,Igreja e Comunhão,igreja-e-comunhao,,,EBD - Igreja e Comunhão
1291220776,ebd,,,8,,EBD - 2 Samuel (8)
1461531352,ebd,,,,,EBD - Atos 6
1574521825,ebd,Escolhendo Diáconos,escolhendo-diaconos,2,,EBD - Escolhendo Diáconos - Aula 2
844357060,culto,,,,,Mateus 5.43-48
1974880831,culto,,,,,"Filipenses 2.1-4 - A Unidade, Humildade e Abnegação da Verdadeira Igreja"
1421033197,ebd,O Livro dos Reis,o-livro-dos-reis,,,EBD - O Livro dos Reis - 1 Rs 12.25-13.34
1461535417,culto,,,,,1 Timóteo 1.5-7
768761029,diaconia,Diaconia,diaconia,2,,Diaconia - Aula 2
1929121337,ebd,CFW 6,cfw-6,,,EBD - CFW 6 - Da queda do homem do pecado e do seu castigo -Gênesis 3.14-24
1256021752,culto,,,,,1 João 4.12-16
1519140202,ebd,O primeiro casamento,o-primeiro-casamento,,,EBD - O primeiro casamento
1062267499,culto,,,,,Eclesiastes 2.1-11
1971226727,ebd,CFW 8,cfw-8,,,EBD - CFW 8 - Cristo o Mediador
1281227713,ebd,Atribututos de Deus,atribututos-de-deus,,,EBD - Atribututos de Deus - Imutabilidade
1929151187,ebd,CFW 5,cfw-5,2,,EBD - CFW 5 - Da providência - Parte II
1256018542,ebd,Igreja e Comunhão,igreja-e-comunhao,2,,EBD - Igreja e Comunhão (2)
840116581,culto,,,,,Mateus 5.38-42
880910485,culto,,,,,Mateus 6.13a
941024383,ebd,,,,,EBD - Levítico 1-15
1926048176,ebd,CFW 6,cfw-6,,,EBD - CFW 6 - Da queda do homem do pecado e do seu castigo
1630211508,ebd,,,,,EBD - Atos 9.1-19
1770787788,culto,,,,,Filipenses 1.6
840107491,culto,,,,,Rute 1.6-22
1142769673,ebd,"Presbíteros, Bispos e Pastores",presbiteros-bispos-e-pastores,4,,"EBD - Presbíteros, Bispos e Pastores - Aula 4"
1410040672,ebd,O Livro dos Reis,o-livro-dos-reis,,,EBD - O Livro dos Reis - 1 Rs  11
1255833595,ebd,,,4,,EBD - 2 Samuel (4)
1256014006,ebd,Igreja e Comunhão,igreja-e-comunhao,,,EBD - Igreja e Comunhão
732123319,culto,,,2,,O Quarto Mandamento (2)
929785990,conferencia,II Conferência Peregrinos,ii-conferencia-peregrinos,4,II Conferência Peregrinos,Igreja de Cristo no Antigo Testamento (4)
1210550542,ebd,Atributos de Deus,atributos-de-deus,,,EBD - Atributos de Deus - Onipresença
1466870110,culto,,,,,"Efésios 2.6,7 - O teatro da graça de Deus"
1971239723,ebd,CFW 8,cfw-8,2,,EBD - CFW 8 - Cristo o Mediador - Parte II
958247782,culto,,,,,Rute 2
966275953,ebd,,,,,EBD - Deuteronômio 27-34
990918763,culto,,,,,Eclesiastes 1.1-11
1310651968,culto,,,,,1 Timóteo 1.1-4
1929128333,culto,,,,,Apocalipse 2.12-17 - ...tens também os que retém a doutrina dos nicolaítas...
768776035,culto,,,,,Mateus 5.7
1674378069,ebd,,,,,EBD - Atos 10.10.23-48
1043458225,culto,,,,,Eclesiastes 1.12-18
1820311581,ebd,CFW 1,cfw-1,,,EBD - CFW 1 -  Da Sagradas Escrituras
768713350,culto,,,2,,As bases bíblicas da educação cristã (2)
840100750,culto,,,,,Mateus 5.31-32
1938323714,ebd,CFW 5,cfw-5,3,,EBD - CFW 5 - Da providência - Parte III
1654579647,culto,,,,,"Romanos 12.1,2"
1179289150,ebd,Atribututos de Deus,atribututos-de-deus,,,EBD - Atribututos de Deus - Espiritualidade
1268985496,ebd,,,5,,EBD - 2 Samuel (5)
1612548963,ebd,,,,,EBD - Atos 8.5-24
864921700,culto,,,,,1 João 4.7-12
852570235,culto,,,,,Mateus 6.5-8
1855465287,culto,,,,,"1 Pedro 5.6,7 - Lançando nosso fardo sobre o Senhor"
888836137,culto,,,,,Mateus 6.16-18
1432458379,culto,,,,,Efésios 1.15-17 - Pleno Conhecimento de Deus
1268800444,ebd,Atribututos de Deus,atribututos-de-deus,,,EBD - Atribututos de Deus - Bondade
1876853475,ebd,CFW 3,cfw-3,,,EBD - CFW 3 - Do Eterno Decreto de Deus - Gênesis 25
1164192160,culto,,,,,Gênesis 21.8-21
1410046036,ebd,O Livro dos Reis,o-livro-dos-reis,,,EBD - O Livro dos Reis - 1 Rs 12.1-24
1043493988,culto,,,,,Gênesis 11.10-30
1453491166,ebd,O Livro dos Reis,o-livro-dos-reis,,,EBD - O Livro dos Reis - 1 Rs 17.2-16
990905998,culto,,,,,Gênesis 3
1488261289,culto,,,,,Rute 3
1903803476,ebd,CFW 4,cfw-4,,,EBD - CFW 4 - Da Criação - Gênesis 2.4-17
999724843,culto,,,,,Gênesis 4
840095968,culto,,,,,Mateus 5.21-26
1243343836,ebd,,,3,,EBD - 2 Samuel (3)
926336647,culto,,,,,Mateus 7.12
768756274,culto,,,,,Gênesis 1.26
745716154,culto,,,,,Mateus 5.1-2
1374591088,culto,,,,,"Gênesis 49.29-50.14;50.22-26 - ""Eu morro, porém certamente Deus vos visitará"""
1281224695,culto,,,,,Gênesis 37.2-36
1186303681,culto,,,,,Gênesis 27.1-40
1231774948,ebd,,,,,EBD - 2 Samuel
966276796,culto,,,,,Gênesis 1.26-2.3
1115965372,culto,,,,,Eclesiastes 2.18-26
1268993833,culto,,,,,Gênesis 36.1-37.2
1176593596,culto,,,,,Gênesis 25
1310639365,ebd,,,11,,EBD - 2 Samuel (11)
1718569257,ebd,,,,,EBD - Atos 16.1-15
1004426026,culto,,,,,Gênesis 6.1-8
966275530,culto,,,,,Gênesis 1.1-25
1268804893,ebd,Atribututos de Deus,atribututos-de-deus,,,EBD - Atribututos de Deus - Amor
1355463550,ebd,O Livro dos Reis,o-livro-dos-reis,1,,EBD - O Livro dos Reis - 1 Rs 8 parte 1
1310644120,ebd,,,12,,EBD - 2 Samuel (12)
1903796558,ebd,CFW 4,cfw-4,,,EBD - CFW 4 - Da Criação - Gênesis 1.26-2.3
918706501,culto,,,,,Mateus 7.7-11
1176345286,culto,,,,,Gênesis 24
802462999,culto,,,,,Mateus 5.10-12
1115955271,culto,,,,,Gênesis 18.16-33
1176326599,culto,,,,,Gênesis 22.20-24 e 23
1324606105,ebd,O Livro dos Reis,o-livro-dos-reis,,,EBD - O Livro dos Reis - 1 Rs 3 e 4
1517268160,ebd,Igreja e Comunhão,igreja-e-comunhao,2,,EBD - Igreja e Comunhão (2)
1004402791,culto,,,,,Gênesis 5
1929134126,culto,,,,,Salmos 63.1-3
1176335227,ebd,Atributos de Deus,atributos-de-deus,,,EBD - Atributos de Deus - Auto existência
1097144929,culto,,,,,Gênesis 17.9-27
1179289414,culto,,,,,Gênesis 26
1142770771,culto,,,,,Gênesis 20
1453478590,ebd,O Livro dos Reis,o-livro-dos-reis,,,EBD - O Livro dos Reis - 1 Rs 16.29-17.1
1861343481,ebd,CFW 3,cfw-3,2,,"EBD - CFW 3 - Do Eterno Decreto de Deus Parte II - O ""problema"" do mal"
1887929094,ebd,CFW 4,cfw-4,,,EBD - CFW 4 - Da Criação - Gênesis 1.1-25
1013704708,culto,,,,,Gênesis 7 e 8
868987384,culto,,,,,Mateus 6.10b
892662463,culto,,,,,Colossenses 1.13-23
1645802787,conferencia,V Conferência Peregrinos,v-conferencia-peregrinos,,V Conferência Peregrinos,V Conferência Peregrinos - Introdução às alianças
768772096,culto,,,,,Mateus 5.6
1674375114,ebd,Exortação a consolarmos uns aos outros,exortacao-a-consolarmos-uns-aos-outros,,,EBD - Exortação a consolarmos uns aos outros
1176321586,culto,,,,,Gênesis 22.1-19
990952663,culto,,,2,,Gênesis 3 (2)
1186287832,culto,,,,,Eclesiastes 3.6-7
1291214050,ebd,Atribututos de Deus,atribututos-de-deus,,,EBD - Atribututos de Deus - Ira
1120335916,culto,,,,,Gênesis 19.1-26
1361306026,ebd,O Livro dos Reis,o-livro-dos-reis,2,,EBD - O Livro dos Reis - 1 Rs 8 parte 2
733999618,culto,,,,,I João 4.1-6
976437973,culto,,,,,Gênesis 2.4-17
1311125191,culto,,,,,Gênesis 43
1076514586,culto,,,,,Gênesis 14
840097399,culto,,,,,Mateus 5.27-30
1728915015,ebd,,,,,EBD - Atos 16.16-40
1861344426,culto,,,,,Efésios 6.10-13 (I) - Fique de pé
1971209091,ebd,O Livro dos Reis,o-livro-dos-reis,,,EBD - O Livro dos Reis
1519141552,culto,,,,,"Efésios 3.7-8 - "" O evangelho das insondáveis riquezas de Cristo"""
1687321344,culto,,,,,"Apocalipse 1.9-20 - ""...mas eis aqui estou vivo para todo o sempre. Amém."""
1176584521,ebd,Atribututos de Deus,atribututos-de-deus,,,EBD - Atribututos de Deus - Soberania
1346070574,culto,,,,,Gênesis 46.31-47.10
856672258,culto,,,,,Mateus 6.9
1017983836,culto,,,,,Gênesis 9.1-17
1903795193,culto,,,,,João 21.15-25
1291215931,culto,,,,,Gênesis 38
1543819762,culto,,,,,"Efésios 3.14-16a - ""Por esta causa, me ponho de joelhos"""
900729031,culto,,,,,Mateus 6.25-34
896585956,culto,,,,,Mateus 6.19-24
1231795630,culto,,,,,Gênesis 32.22-32
1364754568,ebd,,,,,EBD - Atos 2.1-13
1517267875,culto,,,,,Efésios 2.12-15
1023010333,culto,,,,,Gênesis 9.18-29
1540199137,culto,,,,,"Efésios 3.9-10 - ""Pela igreja"""
1971218151,culto,,,,,1 Reis 16.29-17.1 - Homem semelhante a nós
1221420628,ebd,Atribututos de Deus,atribututos-de-deus,,,EBD - Atribututos de Deus - Onipotência
1750955877,culto,,,,,Mateus 6.16-18 - Quando jejuardes
1110778255,culto,,,,,Gênesis 18.9-15
732130057,culto,,,,,Isaías 12
1646457042,conferencia,V Conferência Peregrinos,v-conferencia-peregrinos,1,V Conferência Peregrinos,V Conferência Peregrinos - A aliança da consumação: O cumprimento em Jesus Cristo I
1096264486,culto,,,,,Gênesis 17.1-8
1674363819,culto,,,,,Êxodo 20.7 (Efésios4.39) - O que há num nome?
1210550935,culto,,,,,Gênesis 29.30-30.24
1120352887,culto,,,,,Gênesis 19.27-38
1231784281,ebd,,,2,,EBD - 2 Samuel (2)
1062279430,culto,,,,,Gênesis 13.5-18
888832615,culto,,,,,Mateus 6.13b
1231778776,culto,,,,,2 Timóteo 2.15
1515682870,culto,,,,,Efésios 2.11-12
1361306497,culto,,,,,Gênesis 48.21-49.12 - Bênçãos proféticas
1674380196,culto,,,,,Efésios 4.31.32 - O poder do perdão
1929150521,culto,,,2,,Efésios 6.18-20 (Parte II) - Intrepidez e ousadia
1349851903,culto,,,,,Gênesis 47.11-31
1007577517,culto,,,,,Gênesis 6.9-22
860845129,culto,,,,,Mateus 6.10a
1374615619,culto,,,,,"Gênesis 50.15-21 - ""Vós intentastes o mal; porém Deus o intentou para o bem"""
1830366774,culto,,,,,"Efésios 6.4 - ""E vós, pais, não provoquei seus filhos à ira"""
1795587958,culto,,,,,"Efésios 5.23,25 - Liderança em amor"
1291224529,culto,,,,,Gênesis 39
1421057248,ebd,O Livro dos Reis,o-livro-dos-reis,,,EBD - O Livro dos Reis - 1 Rs 14.1-20
1199383432,culto,,,,,Gênesis 27.41-28.9
1027233397,culto,,,,,Gênesis 10
1606709691,culto,,,,,"Efésios 4.14-16 - ""Todo o corpo"""
1062271384,culto,,,,,Gênesis 12.5-13.4
1646774532,conferencia,V Conferência Peregrinos,v-conferencia-peregrinos,2,V Conferência Peregrinos,V Conferência Peregrinos - A aliança da consumação: O cumprimento em Jesus Cristo II
1569679786,culto,,,,,Efésios 4.4-6 - Os sete solas da unidade
1377794626,culto,,,,,"Efésios 1.1-3 - ""Céu, eu estou no céu"""
1830913185,culto,,,,,"Efésios 6.4b - ""mas criai-os na disciplina e na admoestação do Senhor"""
1561401862,culto,,,,,Efésios 3.20-21 - Doxologia
1337543116,culto,,,,,Gênesis 46.1-30
958250851,ebd,Liberdade de expressão de crença religiosa,liberdade-de-expressao-de-crenca-religiosa,,,EBD - Liberdade de expressão de crença religiosa
1552428382,culto,,,,,"Efésios 3.16b-19 - ""Tomados de toda plenitude de Deus"""
1097145769,culto,,,,,Gênesis 18.1-8
1291230400,culto,,,,,Gênesis 40
1646234136,conferencia,V Conferência Peregrinos,v-conferencia-peregrinos,,V Conferência Peregrinos,V Conferência Peregrinos - As alianças da Graça
1454381947,culto,,,,,"Efésios 2.1-3 - ""Walking Dead"""
1585609583,culto,,,,,Efésios 4.11-13 - Plenitude de Cristo
1096262248,culto,,,,,Gênesis 16
1855439355,culto,,,,,"Efésios 6.5-8 - ""Certos de que ..."""
1221421495,culto,,,,,Gênesis 31.17-32.2
1076522437,culto,,,,,Gênesis 15
1974920355,culto,,,,,1 Reis 19.11-18 - O plano de Deus
1782875970,culto,,,,,"Efésios 5.22-33 - ""Grande é esse mistério, mas eu me refiro a Cristo e à Igreja"""
1392958885,culto,,,,,"Efésios 1.7-8 - ""Pelo seu sangue"""
1641334317,culto,,,,,"Efésios 4.28 - Furto, trabalho, caridade e a Cruz"
1310643475,culto,,,,,Gênesis 41
1062267097,culto,,,,,Gênesis 11.31-12.4
1076522902,culto,,,,,Eclesiastes 2.12-17
1410701863,culto,,,,,Eclesiastes 12
1243342543,culto,,,,,Habacuque 1.1-11
1176590620,ebd,Atribututos de Deus,atribututos-de-deus,,,EBD - Atribututos de Deus - Sabedoria
1420250269,culto,,,,,Efésios 1.11-12 - Predestinados para uma herança gloriosa
1421067463,culto,,,,,Tito 2
1231798444,culto,,,,,Gênesis 33
1043487370,culto,,,,,Gênesis 11.1-9
1355596936,culto,,,,,Gênesis 48.1-20
1231785454,culto,,,,,Gênesis 32.3-21 e 33.1-4
1420255681,culto,,,,,Efésios 1.13 - Selados com o Espírito
1750258758,culto,,,,,Efésios 5.21 - Sujeitando-vos uns aos outros no temor de Cristo
1606747872,culto,,,,,Apocalipse 1.4-8
1687312332,culto,,,,,"Efésios 5.1,2 - ""Imitadores!"
1745528445,culto,,,,,"Efésios 5.18,19 - Falando com salmos e cantando de coração"
1440325594,ebd,O Livro dos Reis,o-livro-dos-reis,,,EBD - O Livro dos Reis - 1 Rs 15.25-16.28
1432454842,ebd,O Livro dos Reis,o-livro-dos-reis,,,EBD - O Livro dos Reis - 1 Rs 14.21-31
1268986795,culto,,,,,Habacuque 1.12-2.20
1585038067,culto,,,,,Levítico 10.8-11
1364951134,culto,,,,,"Gênesis 49.13-49.33 - A tua salvação espero, ó Senhor"
1421056624,culto,,,,,Efésios 1.14 - A garantia da nossa herança
1887935607,culto,,,,,Efésios 6.14-15
1929124778,culto,,,,,Efésios 6.18 - Toda oração
1577600830,culto,,,,,Efésios 4.7-10 - Nosso grande e perfeito Conquistador
807579874,culto,,,,,Mateus 5.13-16
1243337224,culto,,,,,Gênesis 34
1971232627,culto,,,,,1 Reis 17.2-16 - O cuidado de Deus
958258414,culto,,,,,Mateus 7.24-29
1176329533,culto,,,,,Apocalipse 2.1-7
1298947930,culto,,,,,Habacuque 3
1210547467,culto,,,,,Gênesis 29.1-30
1926048962,culto,,,,,Efésios 6.17 - Capacete e escudo
1706591493,culto,,,,,"Efésios 5.15,16 - ""Porque os dias são maus"""
1971242619,culto,,,,,1 Reis 17.17-24 - A palavra de Deus e a ressurreição
1929153299,culto,,,,,"Efésios 6.21,22 - Tíquico, o irmão amado e fiel ministro do Senhor"
1974902871,culto,,,,,"1 Reis 19.1-13a - ""Um cicio tranquilo e suave"""
1346066614,culto,,,,,Tito 1
1912350524,culto,,,,,Efésios 6.16 - Escudo da fé
1618714875,culto,,,3,,"Efésios 4.20-24 - ""Não foi assim que aprendestes a Cristo"" Parte III"
1337446996,culto,,,,,Gênesis 45
1543802539,culto,,,,,"Efésios 3.11-13 - ""Nas minhas tribulações...está a vossa glória"""
1876859949,culto,,,,,Efésios 6.10-13 (II) - Quem é o seu inimigo?
1855454256,culto,,,,,Efésios 6.9 - O Senhor está nos céus
1324609336,culto,,,,,Gênesis 44
1728934092,culto,,,,,Efésios 5.17-21 - Cheios da Palavra e do Espírito
1971248099,ebd,CFW 8,cfw-8,,,EBD - CFW 8 - Do livre arbítrio
1971253147,culto,,,,,"1 Reis 18 - Antes da chuva, fogo"
1701806817,culto,,,,,Efésios 5.5-7
1438669048,culto,,,,,Efésios 1.20 - Poder da ressureição e ascenção de Cristo
1750069524,culto,,,,,Efésios 5.20 - Por tudo? Sempre?
1630216476,culto,,,,,"Efésios 4.26,27 - ""Irai-vos e não pequeis"""
1701793038,culto,,,,,1 Coríntios 1.1-3
1706554227,culto,,,,,"Efésios 5.8-14 - ""E Cristo te iluminará"""
1440335845,culto,,,,,"Efésios 1.21-23 - ""Cristo e a Igreja"""
1256014420,culto,,,,,Gênesis 35.5-15
1938328931,culto,,,,,"Efésios 6.23,24 - Paz e graça"
1120415719,culto,,,,,Eclesiastes 3.1-2a
1453484566,culto,,,,,Marcos 1.1-15
1625788737,culto,,,,,Efésios 4.25 - Qual o custo das mentiras?
1220839258,culto,,,,,Gênesis 30.25-31.16
1641501450,culto,,,,,Efésios 4.29 - Palavras
1674376659,culto,,,,,Efésios 4.30 - A tristeza e a alegria do espírito
1791187507,culto,,,,,Efésios 5.22-24 - Submissão
1176587521,culto,,,,,Eclesiastes 3.3b-5
1855440861,ebd,CFW 2,cfw-2,,,"EBD - CFW 2 - ""Deleitando-se na Trindade """
1612549236,culto,,,2,,"Efésios 4.17-20 - ""Não foi assim que aprendestes a Cristo"" Parte II"
1488260293,culto,,,,,"Efésios 2.8-10-Sola Scriptura, Solus Christus, Sola Fide, Sola Gratia, Soli Deo Gloria"
1612339044,culto,,,1,,"Efésios 4.17-20 - ""Não foi assim que aprendestes a Cristo"" Parte I"
1255835782,culto,,,,,Gênesis 35.1-4
1461931426,culto,,,,,"Efésios 2.4-5 - ""Mas Deus"""
1519128067,culto,,,,,"Efésios 2.19-22 - ""E, vindo, evangelizou paz"""
1268828482,culto,,,,,Gênesis 35.16-20
1830909057,ebd,CFW 2,cfw-2,,,EBD - CFW 2 -  De Deus e da Santíssima Trindade
1801026820,culto,,,,,"Efésios 5.26,30 - ""Egoísmo"" cristão"
1903802087,culto,,,,,João 6.60-71 - Quem você diz que é Jesus?
1350778393,conferencia,IV Conferência Peregrinos,iv-conferencia-peregrinos,2,IV Conferência Peregrinos,Aplicações da Cristologia na Teologia do Culto (pt.2)
1706566149,ebd,,,,,EBD - Atos 15.1-6
1350463276,conferencia,IV Conferência Peregrinos,iv-conferencia-peregrinos,,IV Conferência Peregrinos,Aplicações da Cristologia na Teologia do Culto
1855434897,ebd,CFW 2,cfw-2,,,EBD - CFW 2 -Autossuficiência de Deus
1929127214,ebd,CFW 7,cfw-7,,,"EBD - CFW 7 - Do pacto de Deus com o homem - ""Pacto de Obras"""
1710985782,ebd,,,,,EBD - Atos 15.7-41
1929130661,ebd,CFW 7,cfw-7,2,,EBD - CFW 7 - Do pacto de Deus com o homem - Parte II
1789417621,ebd,,,,,EBD - Atos 20.17-38
745716796,culto,,,,,Salmo 15
1164188455,culto,,,,,Eclesiastes 3.2b-3a
1618711698,ebd,,,3,,EBD - Judas - Parte III
1750735278,ebd,,,,,EBD - Atos 18.1-11
1420250629,ebd,Sola Scriptura,sola-scriptura,,,EBD - Sola Scriptura
1350283645,conferencia,IV Conferência Peregrinos,iv-conferencia-peregrinos,,IV Conferência Peregrinos,Aplicações da Cristologia na Ética Cristã
1880056293,culto,,,,,Levítico 10.1-3
1199387824,culto,,,,,Romanos 3.1-8
1641482028,ebd,,,,,EBD - Atos 9.32-43
1613154825,culto,,,,,Hebreus 11.8-13 - Contemplando o nosso lar
1625787492,ebd,,,4,,EBD - Judas - Parte IV
1170141526,conferencia,III Conferência Peregrinos,iii-conferencia-peregrinos,2,III Conferência Peregrinos,A Lei Moral e a Vida Cristã - Piedade e Não Legalismo (2)
1349931310,conferencia,IV Conferência Peregrinos,iv-conferencia-peregrinos,,IV Conferência Peregrinos,Aplicações da Cristologia no Aconselhamento
1974897147,ebd,CFW 11,cfw-11,,,EBD - CFW 11 - Da Justificação - O justo viverá pela fé - Rm 1.17
1096975225,culto,,,,,Lucas 4.1-13
1170142129,conferencia,III Conferência Peregrinos,iii-conferencia-peregrinos,3,III Conferência Peregrinos,A Lei Moral e a Vida Cristã - Piedade e Não Legalismo (3)
1837930761,ebd,CFW 2,cfw-2,2,,EBD - CFW 2 -  De Deus e da Santíssima Trindade II
1543326001,culto,,,,,Lucas 12.13-21 - Avareza: a grande tragédia
1350913930,culto,,,,,João 20.24-29
1606658214,ebd,,,2,,EBD - Judas - Parte II
1687317075,ebd,,,,,EBD - Atos 12
1142779435,culto,,,,,Exôdo 20.22-26
1585047647,ebd,,,1,,EBD - Judas - Parte I
2269875407,ebd,Evangelismo e Missões,evangelismo-e-missoes,,,EBD - Evangelismo e Missões - A Armadura de Deus
2269881719,culto,,,,,Eclesiastes 32.12-15- Um chamado para o (extra)ordinário
2293691186,ebd,Evangelismo e Missões,evangelismo-e-missoes,,,EBD - Evangelismo e Missões - O mundo ao lado
2121602565,culto,,,,,2 Pedro 1.5-7 - Músculos Espirituais： A Teologia do Esforço em Cristo
2121601809,ebd,CFW 30,cfw-30,,,EBD - CFW 30 - Das Censuras Eclesiásticas
2028143080,culto,,,,,2 Reis 2.1-15 - Carruagens de fogo
2028129428,ebd,CFW 10,cfw-10,,,EBD - CFW 10 - Da Liberdade Cristã e da Liberdade de Consciência
2051377792,ebd,CFW 21,cfw-21,4,,EBD - CFW 21 - Do Culto Religioso e do Domingo - Aula 4
2209143023,culto,,,,,2 Reis 15.8-31 - O Começo do fim
2150987076,ebd,O Plano de Deus para a Humanidade,o-plano-de-deus-para-a-humanidade,3,,EBD - O Plano de Deus para a Humanidade - Parte III
2099916186,culto,,,,,"2 Reis 6.8-23 - ＂Abriu-lhes o SENHOR os olhos, e viram＂"
2098806738,ebd,CFW 27,cfw-27,,,EBD - CFW 27 - Dos Sacramentos
2002812519,ebd,CFW 16,cfw-16,,,EBD - CFW 16 - Das Boas Obras
2002813711,culto,,,,,"1 Reis 22.1-40 - ＂Ouvi isto, vós, todos os povos!＂"
2309611718,culto,,,,,Eclesiastes 4.7-16- ＂Dois é melhor do que um＂
2165791422,conferencia,VII Conferência Peregrinos,vii-conferencia-peregrinos,1,VII Conferência Peregrinos,VII Conferência Peregrinos - Vivendo a cidadania celestial em tempos de cidadania terrena - Parte I
2189645943,culto,,,,,2 Reis 13.10-25 - ＂Não o lançou ainda da sua presença＂
2082731127,culto,,,2,,2 Reis 5 - Parte II - Transplante de Lepra
2082719532,ebd,CFW 23,cfw-23,1,,EBD - CFW 23 - Do Magistrado Civil - Parte I
2126899857,culto,,,,,2 Reis 8.7-15 - ＂E chorou o homem de Deus＂
2126315136,ebd,Eleição de Diáconos,eleicao-de-diaconos,3,,EBD - Eleição de Diáconos - Aula 3
2166230130,conferencia,VII Conferência Peregrinos,vii-conferencia-peregrinos,3,VII Conferência Peregrinos,VII Conferência Peregrinos - Vivendo a cidadania celestial em tempos de cidadania terrena - Parte III
2177689785,conferencia,VII Conferência Peregrinos,vii-conferencia-peregrinos,,VII Conferência Peregrinos,1 Pedro 1 - A esperança em Cristo
2166582093,conferencia,VII Conferência Peregrinos,vii-conferencia-peregrinos,4,VII Conferência Peregrinos,VII Conferência Peregrinos - Vivendo a cidadania celestial em tempos de cidadania terrena - Parte IV
2238697847,culto,,,,,"2 Reis 17.1-23- ＂Não creram no Senhor, seu Deus＂"
2269894283,culto,,,,,2 Reis 18.1-12- ＂Confiou no Senhor＂
2293717964,ebd,Evangelismo e Missões,evangelismo-e-missoes,2,,EBD - Evangelismo e Missões - O mundo ao lado II
2122341177,ebd,CFW 30,cfw-30,2,,EBD - CFW 30 - Das Censuras Eclesiásticas - Parte II
1987384315,ebd,CFW 14,cfw-14,,,EBD - CFW 14 - Da Fé Salvadora
2039088509,culto,,,,,2 Reis 2.16-25 - Benção e maldição
2039084780,ebd,CFW 21,cfw-21,,,EBD - CFW 21 - Do Culto Religioso e do Domingo
2053017548,culto,,,,,2 Reis 4.8-37 - Aos pés do homem de Deus
2051387756,ebd,CFW 18,cfw-18,,,EBD - CFW 18 - Da Certeza da Graça e da Salvação
2218488440,culto,,,,,2 Reis 15.32-16.9 - O Começo do fim de Judá
2269893431,ebd,Evangelismo e Missões,evangelismo-e-missoes,,,EBD - Evangelismo e Missões - Viagem Maranhão
2218486739,ebd,CFW 28,cfw-28,7,,EBD - CFW 28 - Do Batismo - Aula 7
2151673854,culto,,,,,2 Reis 10.28-36 - Todo o coração
2151670083,ebd,CFW 32,cfw-32,,,EBD - CFW 32 - Do Estado do Homem Depois da Morte e Da Ressureição dos Mortos
2267738624,ebd,Evangelismo e Missões,evangelismo-e-missoes,,,EBD - Evangelismo e Missões - Apóstolo Paulo e Evangelismo
2268512351,culto,,,,,Eclesiastes 3.9-11
2100531789,culto,,,,,1 Timóteo 1.18-20 - ＂Combate o bom combate＂
2109763098,ebd,CFW 24,cfw-24,,,EBD - CFW 24 - Do Matrimônio e do Divórcio
2013957827,culto,,,,,1 Reis 22.41-51- Uma meditação spbre o reinado de josafá
2013953571,ebd,CFW 17,cfw-17,,,EBD - CFW 17 - Da Preservação dos Santos
2309986298,culto,,,,,2 Reis 21.1-10
2203518067,culto,,,,,Salmos 127
2082733179,culto,,,,,"2 Reis 6.1-7 - O Deus que nos resgata, habita conosco e se importa com as nossas pequenas coisas"
2129494950,culto,,,,,2 Reis 8.16-29 - A Lâmpada de Davi
2129403540,ebd,CFW 31,cfw-31,,,EBD - CFW 31 - Dos Sínodos e Concílios
2177698323,ebd,CFW 28,cfw-28,1,,EBD - CFW 28 - Do Batismo - Aula 1
2238710510,culto,,,,,"Eclesiastes 3.8- Amor e ódio, guerra e paz"
2297039825,ebd,Evangelismo e Missões,evangelismo-e-missoes,2,,EBD - Evangelismo e Missões - Missões Transculturais II
2123521758,culto,,,,,Gênesis 35
1987698631,culto,,,,,1 Reis 20 - ＂e assim sabereis que eu sou o Senhor＂
1987697979,ebd,CFW 14,cfw-14,2,,EBD - CFW 14 - Da Fé Salvadora - Parte II
2040992144,culto,,,,,2 Reis 3 - ＂Houve grande ira contra Israel＂
2039261060,ebd,CFW 21,cfw-21,2,,EBD - CFW 21 - Do Culto Religioso e do Domingo - Aula 2
2068769496,culto,,,,,2 Reis 4.38-44 - ＂Havia fome... comeram e ainda sobrou＂
2068004408,ebd,CFW 22,cfw-22,,,EBD - CFW 22 - Dos Juramentos Legais e dos Votos
2221536488,ebd,CFW 28,cfw-28,8,,EBD - CFW 28 - Do Batismo - Aula 8
2221541975,culto,,,,,Salmo 50 - O Poder da Santa Convocação
2155492935,ebd,CFW 33,cfw-33,,,EBD - CFW 33 - Do Juízo Final
2268513059,ebd,Evangelismo e Missões,evangelismo-e-missoes,,,EBD - Evangelismo e Missões - Antes de Falar do Evangelho
2268519176,culto,,,,,Salmos 57- Cantando antes do Sol nascer
2107309704,ebd,CFW 26,cfw-26,,,EBD - CFW 26 - Da Comunhão dos Santos
2109762861,culto,,,,,Marcos 4.1-20
2025323328,ebd,CFW 19,cfw-19,,,EBD - CFW 19 - Da lei de Deus
2025323724,culto,,,,,Levítico 17 - Sangue： comer ou não comer
2082743718,culto,,,,,Apocalipse 2.18-29 - ...deixas Jezabel ensinar e enganar os meus servos...
2082740580,ebd,CFW 23,cfw-23,3,,EBD - CFW 23 - Do Magistrado Civil - Parte III
2133584952,culto,,,,,2 Reis 9 - O ungido da vingança
2133462618,ebd,O Plano de Deus para a Humanidade,o-plano-de-deus-para-a-humanidade,1,,EBD - O Plano de Deus para a Humanidade - Parte I
2186621798,ebd,CFW 28,cfw-28,,,EBD - CFW 28 - Do Batismo - Aula2
2293687103,culto,,,,,2 Reis 18.13-19.9a- ＂Que Confiança é essa ？＂
2125398285,ebd,Eleição de Diáconos,eleicao-de-diaconos,1,,EBD - Eleição de Diáconos - Aula 1
2125402890,culto,,,,,Levítico 25.8-34 - O dia do recomeço
1996040355,culto,,,,,1 Coríntios 1.18-25
1992129555,ebd,CFW 15,cfw-15,,,EBD - CFW 15 - Do Arrependimento Para a Vida
2042875164,ebd,CFW 21,cfw-21,3,,EBD - CFW 21 - Do Culto Religioso e do Domingo - Aula 3
2068785720,culto,,,,,Salmos 96
2221563614,culto,,,,,Romanos 8.31-39
2158737579,ebd,CFW 33,cfw-33,2,,EBD - CFW 33 - Do Juízo Final - Parte II
2109768972,culto,,,1,,"2 Reis 6.24-7.2 (Parte I) - ＂Eis que tu verás com os teus olhos, porém disso não comerás＂"
2109763392,ebd,CFW 25,cfw-25,,,EBD - CFW 25 - Da Igreja
2025338072,culto,,,,,1 Reis 22.52 - 2 Reis 1.18 - O homem de Deus e o fogo de Deus
2358906275,ebd,Evangelismo e Missões,evangelismo-e-missoes,,,EBD - Evangelismo e Missões - A História das Missões II
2086853619,ebd,CFW 23,cfw-23,4,,EBD - CFW 23 - Do Magistrado Civil - Parte IV
2086853838,culto,,,,,"Gênesis 9.1-17 - ＂Se alguém derramar o sangue do homem, pelo homem se derramará o seu＂"
2139284433,ebd,O Plano de Deus para a Humanidade,o-plano-de-deus-para-a-humanidade,2,,EBD - O Plano de Deus para a Humanidade - Parte II
2240506196,culto,,,,,Rute 4mp3
2125403148,ebd,Eleição de Diáconos,eleicao-de-diaconos,2,,EBD - Eleição de Diáconos - Aula 2
2002802811,culto,,,,,"1 Reis 21 - Humilhe-se perante o Senhor, Ele está pronto para perdoá-lo"
2002797083,ebd,CFW 10,cfw-10,,,EBD - CFW 10 - Da Vocação Eficaz
2055753816,congresso,,,1,,2º Congresso de Mulheres - Feminilidade e Sexualidade à Luz da Palavra de Deus - Parte I
2055759268,congresso,,,2,,2º Congresso de Mulheres - Feminilidade e Sexualidade à Luz da Palavra de Deus - Parte II
2055760664,congresso,,,3,,2º Congresso de Mulheres - Feminilidade e Sexualidade à Luz da Palavra de Deus - Parte III
2069781600,culto,,,1,,2 Reis 5  - Parte I -  Diante dele
2068812956,ebd,CFW 22,cfw-22,2,,EBD - EBD - CFW 22 - Dos Juramentos Legais e dos Votos - Parte II
2230355342,culto,,,,,2 Reis 16.10-20 - O culto é o caminho para a presença de Deus
2165094324,ebd,CFW 29,cfw-29,,,EBD - CFW 29 - Da Ceia do Senhor
2165561007,culto,,,,,Provérbios 4.23
2297238698,congresso,,,1,,3º Congresso de Mulheres - Transformadas por Cristo - Parte I
2123517330,confraria,II Confraria Peregrinos,ii-confraria-peregrinos,1,II Confraria Peregrinos,O dever do homem crente - Parte I
2123519028,confraria,II Confraria Peregrinos,ii-confraria-peregrinos,2,II Confraria Peregrinos,O dever do homem crente - Parte II
2123519739,confraria,II Confraria Peregrinos,ii-confraria-peregrinos,,II Confraria Peregrinos,O dever do homem crente - Perguntas e Respostas
1987371107,culto,,,,,1 Reis 19.19-21 - Tudo entregarei... tudo deixarei
1987364519,ebd,CFW 13,cfw-13,,,EBD - CFW 13 - Da Santificação
2051378456,culto,,,,,2 Pedro 1.1-4 - Buscando aquilo que você já tem
2209136477,ebd,CFW 28,cfw-28,6,,EBD - CFW 28 - Do Batismo -Aula 6
2150993778,culto,,,,,"2 Reis 10.18-28 - ＂Assim, Jeú exterminou de Israel a Baal＂"
2243010614,culto,,,,,2 Reis  17.20-23- “Jeroboão apartou a Israel de seguir o SENHOR”mp3
2243005094,ebd,Evangelismo e Missões,evangelismo-e-missoes,,,EBD - Evangelismo e Missões - O que é o evangelho ？
2189643703,ebd,CFW 28,cfw-28,4,,EBD - CFW 28 - Do Batismo - Aula 4
2166018978,conferencia,VII Conferência Peregrinos,vii-conferencia-peregrinos,2,VII Conferência Peregrinos,VII Conferência Peregrinos - Vivendo a cidadania celestial em tempos de cidadania terrena - Parte II
2230387766,ebd,CFW 28,cfw-28,3,,EBD - CFW 28 - Do Batismo - Batismo Infantil - Aula 3
2297030858,culto,,,,,2 Reis 19.9b-20- ＂Eu te ouvi＂
2126890884,culto,,,2,,2 Reis 6.24-7.20 (Parte II) - Eis que tu verás com os teus olhos porém disso não comerás
2309636336,ebd,Evangelismo e Missões,evangelismo-e-missoes,5,,EBD - Evangelismo e Missões - O mundo ao lado V
2203513163,ebd,CFW 28,cfw-28,5,,EBD - CFW 28 - Do Batismo - Aula 5
2082731973,ebd,CFW 23,cfw-23,2,,EBD - CFW 23 - Do Magistrado Civil - Parte II
2185506963,culto,,,,,"2 Pedro 1.8,9 - Quem Não Cresce, Esquece"
2238699443,ebd,CFW 28,cfw-28,4,,EBD - CFW 28 - Do Batismo - Batismo Infantil - Aula 4
2269895996,ebd,Evangelismo e Missões,evangelismo-e-missoes,,,"EBD - Evangelismo e Missões - Missões, Evangelismo e Ação Social"
2269902284,culto,,,,,João 6.16-21- Jesus é a melhor lembrança
2297049443,culto,,,,,"2 Reis 19.21-27- ＂Acaso, não ouviste？＂"
2157327672,culto,,,,,2 Reis 11 - Escondido na Casa do SENHOR
2309997227,ebd,Evangelismo e Missões,evangelismo-e-missoes,,,EBD - Evangelismo e Missões - A História das Missões I
2309998022,culto,,,,,Mateus 2.1-12- Dois tronos não cabem no mesmo coração
2209131104,culto,,,,,2 Reis 14.1-22 - ＂Cada Qual será morto pelo seu própio pecado＂
2203526059,ebd,,,,,EBD - Jonas 1.17-2.10 - O Vale da Visão de Jonas!
2240497778,ebd,Evangelismo e Missões,evangelismo-e-missoes,,,20251228_001_28-12-2025 - EBD - Evangelismo e Missões - Introdução - A Armadura de Deus
2239696175,culto,,,,,1 Reis 12.25-13.34- Um conto de Natal： dois profetas e dois reinos
2238710999,ebd,CFW 28,cfw-28,5,,EBD - CFW 28 - Do Batismo - Batismo Infantil - Aula 5
2293683374,ebd,Evangelismo e Missões,evangelismo-e-missoes,1,,EBD - Evangelismo e Missões - Missões Transculturais I
2297066744,ebd,Evangelismo e Missões,evangelismo-e-missoes,3,,EBD - Evangelismo e Missões - Missões Transculturais III
2297068247,culto,,,,,Eclesiastes 4.1-6- Luta de classes
2042881296,culto,,,,,"2 Reis 4.1-7 - ＂e aos pobres, anuncia-se-lhes o evangelho＂"
2221558229,ebd,CFW 28,cfw-28,1,,EBD - CFW 28 - Do Batismo - Batismo Infantil - Aula 1
2158744419,culto,,,,,Mateus 27.27-31
2268522908,culto,,,,,"2 Reis 17.24-41- Ao Senhor, vosso Deus, temereis"
2268522086,ebd,Evangelismo e Missões,evangelismo-e-missoes,,,EBD - Evangelismo e Missões - Evangelismo Comunicando a boa notícia
2025333100,ebd,,,,,EBD - Atos 13.1-5 - Projeto Conviver
2209134896,culto,,,,,2 Reis 14.23-15.7 - Benção e castigo
2189630131,culto,,,,,"2 Reis 13.1-9 - O SENHOR ouviu, viu e deu um salvador"
2186651388,ebd,CFW 28,cfw-28,3,,EBD - CFW 28 - Do Batismo - Aula 3
2297252060,culto,,,,,2 Reis 20- ＂Põe em ordem a tua casa＂
2297250029,ebd,Evangelismo e Missões,evangelismo-e-missoes,3,,EBD - Evangelismo e Missões - O mundo ao lado III
2126314065,culto,,,,,2 Reis 8.1-6 - Lá e de Volta Outra Vez
2221564421,ebd,CFW 28,cfw-28,2,,EBD - CFW 28 - Do Batismo - Batismo Infantil - Aula 2
2297239124,congresso,,,2,,3º Congresso de Mulheres - Transformadas por Cristo - Parte II
2297239682,congresso,,,3,,3º Congresso de Mulheres - Transformadas por Cristo - Parte III
2358961478,culto,,,,,Culto - Rev. Bruno Melo - 2 Reis 21_1-9 - Fizeram Pior
2373669446,culto,,,,,Eclesiastes 5_1 - Eclesiastes 5： 1-7 - Rev. Lucas Antunes
2364316868,culto,,,,,Evangelismo e Missões - O mundo ao lado VI - Rev. Lucas Antunes
2139294189,culto,,,,,2 Reis 10.1-17 - E Não Sobrou Nenhum
2388859515,culto,,,,,"2 Reis 21.10-26 - ""Tinirão os ouvidos"" - Rev. Bruno Melo"
2380504659,culto,,,,,2 Reis 22 - A lei de Deus - Rev. Bruno Melo
2388825687,culto,,,,,2 Reis 23.31-24.20 - “A ponto de os rejeitar de sua presença” - Rev. Bruno Melo
2385197916,culto,,,,,Eclesiastes 6:7-12 - Satisfação da alma somente em Deus - Rev. Lucas Antunes
2381638395,culto,,,,,Gênesis 1:26-28 - Teologia Bíblica do Discipulado - Rev. Lucas Antunes
2380404261,culto,,,,,"Hebreus 4:12-13 - Apologética, cosmovisão e evangelização - Rev. Lucas Antunes"
2380584531,culto,,,,,Mateus 28 - Teologia bíblica do discipulado cristão - Rev. Lucas Antunes
2380558983,culto,,,,,Mateus 28:18-20 - O Discipulado como Missão da Igreja - Rev. Lucas Antunes
2392150494,culto,,,,,Salmo 18 - A salvação do rei e dos povos - Rev. Bruno Melo
1324616206,ebd,,,,,EBD - 1 Samuel 17.31-47
2397234969,culto,,,,,Mateus 4.18-22 - Mais do que uma conversa na praia - Sem. Fabrício Zamboni
2400188070,culto,,,,,Salmo 32 - Do silêncio ao grito de alegria - Rev. Bruno Melo
