sermon_id,topico_slug,confianca
876988777,perdao-e-reconciliacao,1
876988777,oracao,0.9
876988777,expiacao-e-redencao,0.6
732127057,encarnacao-e-reino-de-cristo,1
732127057,ressurreicao-e-consumacao,0.8
732119686,culto-publico,1
732119686,confissoes-e-reforma,0.6
898460020,batismo,1
898460020,aliancas-biblicas,0.9
696290741,magistrado-civil,1
696290741,justica-e-leis,0.9
873047122,oracao,1
873047122,cuidado-de-deus,0.9
873047122,dinheiro-e-contentamento,0.8
696283831,magistrado-civil,1
696283831,justica-e-leis,0.9
696283831,confissoes-e-reforma,0.5
1551686110,presbiteros-e-pastores,1
676484495,magistrado-civil,1
676484495,providencia-de-deus,0.5
676484495,justica-e-leis,0.5
1789208650,natureza-e-missao-da-igreja,1
1789208650,governo-e-disciplina-eclesiastica,0.5
1789208650,santificacao,0.5
1519139869,comunhao-e-unidade,1
1519139869,natureza-e-missao-da-igreja,0.9
1519139869,evangelismo-e-missoes,0.6
1519139869,cristo-o-mediador,0.5
1410043093,cristo-o-mediador,1
1410043093,expiacao-e-redencao,0.8
1410043093,providencia-de-deus,0.7
678013749,magistrado-civil,1
678013749,providencia-de-deus,0.7
1543816963,criacao-de-filhos,1
1543816963,educacao-crista,0.8
999724447,apologetica,1
999724447,evangelismo-e-missoes,0.5
1440322891,atributos-de-deus,1
1440322891,espirito-santo-e-selamento,0.7
1440322891,adocao-e-heranca,0.6
910729888,verdade-e-integridade,1
1337445385,autoridade-das-escrituras,0.9
1337445385,culto-publico,0.5
681248063,santificacao,1
681248063,tribulacao-e-perseveranca,0.6
681248063,batalha-espiritual,0.5
713940766,justificacao-pela-fe,0.86
713940766,oracao,0.7
713940766,santificacao,0.65
768719251,emocoes-e-sentimentos,1
768719251,jejum-e-disciplinas-espirituais,0.7
696289836,providencia-de-deus,1
696289836,ansiedade-e-medo,0.8
696289836,atributos-de-deus,0.6
1674363231,evangelismo-e-missoes,1
1674363231,graca-eficaz-e-chamado,0.9
1674363231,providencia-de-deus,0.8
1674363231,comunhao-e-unidade,0.7
1711220856,santificacao,1
1711220856,providencia-de-deus,0.6
844353937,marido-e-esposa,1
844353937,criacao-de-filhos,0.5
844353937,culto-domestico,0.5
681251273,santificacao,1
681509552,santificacao,1
1718565339,ressurreicao-e-consumacao,0.95
1718565339,justificacao-pela-fe,0.78
1718565339,santificacao,0.68
1543328587,divorcio-e-permanencia,1
1543328587,casamento-cristao,0.8
1543328587,pureza-e-fidelidade-sexual,0.7
1543328587,governo-e-disciplina-eclesiastica,0.6
696314167,atributos-de-deus,1
696314167,evangelismo-e-missoes,0.9
696314167,graca-eficaz-e-chamado,0.8
696314167,autoridade-das-escrituras,0.6
1540189468,divorcio-e-permanencia,1
1540189468,casamento-cristao,0.8
1540189468,perdao-e-reconciliacao,0.7
1540189468,marido-e-esposa,0.6
696295951,providencia-de-deus,0.95
696295951,atributos-de-deus,0.9
696295951,cuidado-de-deus,0.8
696295951,cristo-o-mediador,0.55
1120404124,presbiteros-e-pastores,1
772956310,bens-e-responsabilidade,1
681242762,santificacao,1
681242762,atributos-de-deus,0.5
681242762,decretos-e-eleicao,0.5
681242762,graca-eficaz-e-chamado,0.5
1377637159,culto-publico,1
1377637159,autoridade-das-escrituras,0.6
924118537,culto-domestico,1
924118537,educacao-crista,0.8
924118537,criacao-de-filhos,0.6
688431466,confissoes-e-reforma,1
688431466,autoridade-das-escrituras,0.8
688431466,culto-publico,0.7
1540178617,ressurreicao-e-consumacao,1
1540178617,tribulacao-e-perseveranca,0.6
1540178617,autoridade-das-escrituras,0.5
1324619557,encarnacao-e-reino-de-cristo,1
1324619557,ressurreicao-e-consumacao,0.85
1855461150,decretos-e-eleicao,1
1855461150,providencia-de-deus,0.8
1855461150,atributos-de-deus,0.6
1855461150,criacao-e-queda,0.5
904514971,dinheiro-e-contentamento,1
1789199755,comunhao-e-unidade,1
1789199755,consolo-cristao,0.9
1789199755,culto-publico,0.7
990918361,providencia-de-deus,1
990918361,aliancas-biblicas,0.6
990918361,comunhao-e-unidade,0.5
990918361,autoridade-das-escrituras,0.5
917455591,espirito-santo-e-selamento,1
917455591,autoridade-das-escrituras,0.6
1438667848,tribulacao-e-perseveranca,1
1438667848,evangelismo-e-missoes,0.9
1438667848,magistrado-civil,0.5
1972738531,preparo-para-o-casamento,1
1972738531,casamento-cristao,0.6
1820450442,evangelismo-e-missoes,1
1820450442,graca-eficaz-e-chamado,0.8
1820450442,atributos-de-deus,0.5
1176319066,confissoes-e-reforma,1
1281230572,culto-publico,1
1281230572,ressurreicao-e-consumacao,0.6
1281230572,santificacao,0.5
1782875676,evangelismo-e-missoes,1
1782875676,batalha-espiritual,0.8
1782875676,tribulacao-e-perseveranca,0.5
1800866554,providencia-de-deus,1
1800866554,evangelismo-e-missoes,0.6
1800866554,tribulacao-e-perseveranca,0.5
1392258598,culto-publico,1
676486034,providencia-de-deus,1
676486034,atributos-de-deus,0.8
676486034,oracao,0.5
1176327160,santificacao,1
1176327160,providencia-de-deus,0.7
1176327160,cristo-o-mediador,0.5
772962073,perdao-e-reconciliacao,1
772962073,comunhao-e-unidade,0.8
772962073,evangelismo-e-missoes,0.6
1867625913,decretos-e-eleicao,1
1867625913,confissoes-e-reforma,0.5
768742057,santificacao,1
768742057,emocoes-e-sentimentos,0.9
768742057,perdao-e-reconciliacao,0.7
768742057,justica-e-leis,0.5
1461930868,providencia-de-deus,1
1461930868,evangelismo-e-missoes,0.8
1461930868,cristo-o-mediador,0.7
1461930868,tribulacao-e-perseveranca,0.6
1819284144,confissoes-e-reforma,1
1467388156,ceia-do-senhor,1
1467388156,comunhao-e-unidade,0.5
990902812,autoridade-das-escrituras,0.9
990902812,aliancas-biblicas,0.8
990902812,santificacao,0.8
990902812,atributos-de-deus,0.6
1120351786,presbiteros-e-pastores,1
1120351786,oracao,0.5
1361305654,preparo-para-o-casamento,1
1361305654,trabalho-e-vocacao,0.5
1895968185,santificacao,1
1895968185,palavras-e-comunicacao,0.5
1543835521,presbiteros-e-pastores,1
976436881,culto-publico,1
1888103361,autoridade-das-escrituras,1
1888103361,santificacao,0.7
1888103361,comunhao-e-unidade,0.6
1561393408,presbiteros-e-pastores,1
1561393408,governo-e-disciplina-eclesiastica,0.5
1298946445,cristo-o-mediador,0.95
1298946445,batalha-espiritual,0.7
1298946445,expiacao-e-redencao,0.65
1298946445,santificacao,0.55
926330512,atributos-de-deus,1
926330512,providencia-de-deus,0.9
926330512,aliancas-biblicas,0.8
1231789234,culto-publico,1
1231789234,santificacao,0.7
1231796089,evangelismo-e-missoes,1
1231796089,providencia-de-deus,0.7
1438663378,governo-e-disciplina-eclesiastica,1
1438663378,batalha-espiritual,0.7
1543993186,expiacao-e-redencao,0.95
1543993186,santificacao,0.85
1543993186,criacao-e-queda,0.75
768778078,diaconia,1
768778078,dinheiro-e-contentamento,0.85
768778078,bens-e-responsabilidade,0.75
768771580,diaconia,1
1004423593,criacao-e-queda,0.9
1004423593,atributos-de-deus,0.85
1004423593,providencia-de-deus,0.8
1004423593,graca-eficaz-e-chamado,0.65
934109098,aliancas-biblicas,1
934109098,culto-publico,0.5
1770777756,espirito-santo-e-selamento,1
1770777756,batismo,0.9
1770777756,evangelismo-e-missoes,0.7
1701557700,enfermidade-e-fragilidade,1
1701557700,criacao-e-queda,0.9
1701557700,cuidado-de-deus,0.6
1701557700,oracao,0.6
1199379403,diaconia,1
1374554638,espirito-santo-e-selamento,1
1374554638,cristo-o-mediador,0.9
1374554638,natureza-e-missao-da-igreja,0.8
1374554638,comunhao-e-unidade,0.7
745716259,criacao-de-filhos,0.9
745716259,comunhao-e-unidade,0.5
941012464,cristo-o-mediador,1
941012464,expiacao-e-redencao,0.6
941012464,aliancas-biblicas,0.5
910737763,tribulacao-e-perseveranca,1
910737763,apologetica,0.85
910737763,santificacao,0.8
1641333990,evangelismo-e-missoes,1
1641333990,natureza-e-missao-da-igreja,0.8
1641333990,graca-eficaz-e-chamado,0.7
1641333990,decretos-e-eleicao,0.5
1349841106,atributos-de-deus,1
1349841106,expiacao-e-redencao,0.7
1349841106,culto-publico,0.6
1519147972,criacao-de-filhos,1
1519147972,educacao-crista,0.95
1519147972,culto-domestico,0.85
1519147972,autoridade-das-escrituras,0.65
1974908959,adocao-e-heranca,1
1974908959,oracao,0.5
924123754,santificacao,1
924123754,batalha-espiritual,0.7
924123754,tribulacao-e-perseveranca,0.6
924123754,ressurreicao-e-consumacao,0.5
904702243,santificacao,0.95
904702243,perdao-e-reconciliacao,0.8
904702243,evangelismo-e-missoes,0.55
1374610597,natureza-e-missao-da-igreja,1
1374610597,evangelismo-e-missoes,0.8
1374610597,aliancas-biblicas,0.6
1186303417,providencia-de-deus,1
1186303417,decretos-e-eleicao,0.6
1186303417,graca-eficaz-e-chamado,0.5
976450375,aliancas-biblicas,1
976450375,providencia-de-deus,0.7
976450375,atributos-de-deus,0.6
1243327906,culto-publico,1
1243327906,confissoes-e-reforma,0.7
1569679444,diaconia,1
1569679444,bens-e-responsabilidade,0.7
1880055777,decretos-e-eleicao,1
1880055777,confissoes-e-reforma,0.5
950736802,santificacao,0.9
950736802,autoridade-das-escrituras,0.8
950736802,morte-e-eternidade,0.6
1613154447,evangelismo-e-missoes,1
1613154447,autoridade-das-escrituras,0.6
1706538447,evangelismo-e-missoes,1
1706538447,tribulacao-e-perseveranca,0.7
1706538447,presbiteros-e-pastores,0.5
1750093614,apologetica,1
1750093614,evangelismo-e-missoes,0.9
1750093614,autoridade-das-escrituras,0.8
1420235239,tribulacao-e-perseveranca,1
1420235239,evangelismo-e-missoes,0.9
1420235239,natureza-e-missao-da-igreja,0.7
1420235239,bens-e-responsabilidade,0.5
1176318775,justificacao-pela-fe,1
1176318775,expiacao-e-redencao,0.8
1176318775,criacao-e-queda,0.5
917458672,aliancas-biblicas,1
917458672,decretos-e-eleicao,0.9
917458672,providencia-de-deus,0.9
1561411696,presbiteros-e-pastores,1
1561411696,governo-e-disciplina-eclesiastica,0.6
1561411696,dinheiro-e-contentamento,0.5
1517268859,oracao,1
1517268859,comunhao-e-unidade,0.5
1311122305,aliancas-biblicas,1
1311122305,encarnacao-e-reino-de-cristo,0.8
1311122305,criacao-de-filhos,0.6
1311122305,decretos-e-eleicao,0.5
1337538826,evangelismo-e-missoes,1
1337538826,natureza-e-missao-da-igreja,0.7
1337538826,governo-e-disciplina-eclesiastica,0.7
1337538826,oracao,0.5
1346064853,graca-eficaz-e-chamado,1
1346064853,decretos-e-eleicao,0.8
733999195,criacao-e-queda,0.9
733999195,enfermidade-e-fragilidade,0.6
733999195,justica-e-leis,0.5
1186283743,providencia-de-deus,1
1186283743,cristo-o-mediador,0.6
1186283743,santificacao,0.5
912767914,criacao-e-queda,1
912767914,expiacao-e-redencao,0.6
912767914,autoridade-das-escrituras,0.5
943556527,expiacao-e-redencao,1
943556527,graca-eficaz-e-chamado,0.8
943556527,adocao-e-heranca,0.7
943556527,ressurreicao-e-consumacao,0.5
990947275,aliancas-biblicas,0.95
990947275,criacao-e-queda,0.9
990947275,encarnacao-e-reino-de-cristo,0.55
966274549,aliancas-biblicas,1
966274549,educacao-crista,0.9
966274549,santificacao,0.7
1745538255,autoridade-das-escrituras,1
1745538255,evangelismo-e-missoes,0.7
1888247964,autoridade-das-escrituras,1
1888247964,comunhao-e-unidade,0.5
1612338510,magistrado-civil,1
1612338510,palavras-e-comunicacao,0.9
1612338510,santificacao,0.8
772955293,pureza-e-fidelidade-sexual,1
772955293,casamento-cristao,0.7
772955293,divorcio-e-permanencia,0.5
929476951,aliancas-biblicas,1
929476951,batismo,1
929476951,natureza-e-missao-da-igreja,0.8
929476951,justificacao-pela-fe,0.6
1210543666,diaconia,1
1210543666,bens-e-responsabilidade,0.7
1268801233,comunhao-e-unidade,1
1268801233,santificacao,0.8
1268801233,palavras-e-comunicacao,0.6
1268801233,oracao,0.5
1888473222,autoridade-das-escrituras,1
1888473222,criacao-e-queda,0.8
1888473222,graca-eficaz-e-chamado,0.6
1220830990,atributos-de-deus,1
745716865,educacao-crista,1
745716865,autoridade-das-escrituras,0.6
745716865,criacao-e-queda,0.5
1585036807,diaconia,1
1461931729,ceia-do-senhor,1
1867816125,tribulacao-e-perseveranca,1
1867816125,morte-e-eternidade,0.8
1867816125,ressurreicao-e-consumacao,0.6
1268989900,cuidado-de-deus,1
1268989900,tribulacao-e-perseveranca,0.7
1268989900,comunhao-e-unidade,0.5
1268989900,verdade-e-integridade,0.5
768751630,diaconia,1
768751630,bens-e-responsabilidade,0.5
1004401606,providencia-de-deus,1
1004401606,atributos-de-deus,0.8
1004401606,criacao-e-queda,0.6
1142779882,presbiteros-e-pastores,1
1142779882,governo-e-disciplina-eclesiastica,0.5
688435093,marido-e-esposa,1
1701800850,evangelismo-e-missoes,1
1701800850,encarnacao-e-reino-de-cristo,0.9
1701800850,ressurreicao-e-ascensao,0.7
1795566427,evangelismo-e-missoes,1
1795566427,tribulacao-e-perseveranca,0.8
1795566427,providencia-de-deus,0.7
941030242,justificacao-pela-fe,1
941030242,santificacao,0.95
941030242,morte-e-eternidade,0.8
958237837,providencia-de-deus,0.95
958237837,aliancas-biblicas,0.8
958237837,tribulacao-e-perseveranca,0.65
1105308331,criacao-e-queda,1
1105308331,providencia-de-deus,0.6
1105308331,santificacao,0.5
1346068804,aliancas-biblicas,0.8
1346068804,natureza-e-missao-da-igreja,0.6
1346068804,ressurreicao-e-consumacao,0.5
1488260560,evangelismo-e-missoes,1
1488260560,natureza-e-missao-da-igreja,0.8
1488260560,providencia-de-deus,0.7
1488260560,tribulacao-e-perseveranca,0.5
1120324048,presbiteros-e-pastores,1
1120324048,governo-e-disciplina-eclesiastica,0.5
1324612273,ressurreicao-e-ascensao,1
1324612273,espirito-santo-e-selamento,0.9
1324612273,natureza-e-missao-da-igreja,0.8
1324612273,providencia-de-deus,0.6
929252041,natureza-e-missao-da-igreja,1
929252041,aliancas-biblicas,1
929252041,decretos-e-eleicao,0.8
929252041,justificacao-pela-fe,0.7
1392798385,encarnacao-e-reino-de-cristo,1
1392798385,aliancas-biblicas,0.8
1392798385,ressurreicao-e-consumacao,0.6
1291228063,decretos-e-eleicao,1
1291228063,providencia-de-deus,0.9
1291228063,cristo-o-mediador,0.5
1164187987,natureza-e-missao-da-igreja,1
1164187987,governo-e-disciplina-eclesiastica,0.9
1164187987,confissoes-e-reforma,0.6
1310650318,aliancas-biblicas,1
1310650318,encarnacao-e-reino-de-cristo,0.6
1310650318,santificacao,0.5
1540200088,culto-publico,1
1540200088,educacao-crista,0.8
1540200088,culto-domestico,0.6
840114226,verdade-e-integridade,1
840114226,palavras-e-comunicacao,1
943542745,santificacao,1
943542745,pureza-e-fidelidade-sexual,0.7
943542745,governo-e-disciplina-eclesiastica,0.6
1199386144,diaconia,1
1199386144,bens-e-responsabilidade,0.5
1806925899,marido-e-esposa,1
1806925899,casamento-cristao,0.9
1687304721,natureza-e-missao-da-igreja,1
1687304721,evangelismo-e-missoes,1
1687304721,espirito-santo-e-selamento,0.5
1687304721,comunhao-e-unidade,0.5
1837952967,santificacao,1
1837952967,educacao-crista,0.55
745716007,criacao-e-queda,1
745716007,graca-eficaz-e-chamado,0.9
745716007,justificacao-pela-fe,0.7
745716007,santificacao,0.5
1830355353,autoridade-das-escrituras,1
1830355353,confissoes-e-reforma,0.7
1806046071,providencia-de-deus,1
1806046071,decretos-e-eleicao,0.7
1806046071,evangelismo-e-missoes,0.5
1517246116,comunhao-e-unidade,1
1517246116,natureza-e-missao-da-igreja,0.6
1517246116,evangelismo-e-missoes,0.5
1115963209,providencia-de-deus,1
1115963209,cuidado-de-deus,0.6
1115963209,cristo-o-mediador,0.5
1574521825,diaconia,1
1574521825,natureza-e-missao-da-igreja,0.5
1461531352,diaconia,1
1461531352,presbiteros-e-pastores,0.5
844357060,perdao-e-reconciliacao,1
844357060,santificacao,0.7
844357060,atributos-de-deus,0.5
1291220776,ressurreicao-e-consumacao,1
1291220776,natureza-e-missao-da-igreja,0.5
768761029,diaconia,1
768761029,bens-e-responsabilidade,0.5
1974880831,comunhao-e-unidade,1
1974880831,natureza-e-missao-da-igreja,0.7
1974880831,santificacao,0.5
1421033197,autoridade-das-escrituras,1
1421033197,culto-publico,0.8
1421033197,encarnacao-e-reino-de-cristo,0.5
1461535417,comunhao-e-unidade,1
1461535417,santificacao,0.8
1461535417,governo-e-disciplina-eclesiastica,0.7
1461535417,autoridade-das-escrituras,0.5
1519140202,casamento-cristao,1
1519140202,marido-e-esposa,0.6
1519140202,divorcio-e-permanencia,0.5
1929121337,criacao-e-queda,1
1929121337,morte-e-eternidade,0.75
1256021752,espirito-santo-e-selamento,1
1256021752,cristo-o-mediador,0.7
1256021752,comunhao-e-unidade,0.6
1062267499,dinheiro-e-contentamento,1
1062267499,emocoes-e-sentimentos,0.7
1281227713,atributos-de-deus,1
1281227713,providencia-de-deus,0.6
1281227713,decretos-e-eleicao,0.5
1971226727,cristo-o-mediador,1
1971226727,encarnacao-e-reino-de-cristo,0.9
1971226727,expiacao-e-redencao,0.8
1256018542,comunhao-e-unidade,1
1256018542,culto-publico,0.5
1929151187,providencia-de-deus,1
1929151187,cuidado-de-deus,0.6
840116581,santificacao,1
840116581,perdao-e-reconciliacao,0.8
840116581,expiacao-e-redencao,0.6
941024383,expiacao-e-redencao,1
941024383,santificacao,0.9
941024383,cristo-o-mediador,0.8
941024383,culto-publico,0.6
1926048176,criacao-e-queda,1
1926048176,expiacao-e-redencao,0.6
1926048176,batalha-espiritual,0.5
880910485,batalha-espiritual,1
880910485,oracao,0.9
1630211508,graca-eficaz-e-chamado,1
1630211508,evangelismo-e-missoes,0.6
1770787788,santificacao,1
1770787788,graca-eficaz-e-chamado,0.9
1770787788,justificacao-pela-fe,0.6
840107491,providencia-de-deus,1
840107491,lamento-e-confianca,0.8
840107491,cuidado-de-deus,0.6
1142769673,presbiteros-e-pastores,1
732123319,culto-publico,1
732123319,providencia-de-deus,0.6
1410040672,santificacao,0.9
1410040672,providencia-de-deus,0.85
1410040672,aliancas-biblicas,0.6
1256014006,comunhao-e-unidade,1
1256014006,natureza-e-missao-da-igreja,0.6
1256014006,diaconia,0.5
1255833595,magistrado-civil,1
1255833595,santificacao,0.6
1255833595,encarnacao-e-reino-de-cristo,0.5
1971239723,cristo-o-mediador,1
1971239723,expiacao-e-redencao,0.8
1210550542,atributos-de-deus,1
1210550542,providencia-de-deus,0.5
1466870110,graca-eficaz-e-chamado,1
1466870110,cristo-o-mediador,0.7
1466870110,expiacao-e-redencao,0.5
929785990,culto-publico,1
929785990,aliancas-biblicas,1
929785990,cristo-o-mediador,0.8
929785990,confissoes-e-reforma,0.6
958247782,providencia-de-deus,1
958247782,cuidado-de-deus,0.8
958247782,pureza-e-fidelidade-sexual,0.6
966275953,aliancas-biblicas,1
966275953,graca-eficaz-e-chamado,0.8
966275953,autoridade-das-escrituras,0.7
966275953,santificacao,0.6
1310651968,adocao-e-heranca,1
1310651968,autoridade-das-escrituras,0.8
1310651968,natureza-e-missao-da-igreja,0.5
990918763,morte-e-eternidade,0.85
990918763,dinheiro-e-contentamento,0.7
990918763,ressurreicao-e-consumacao,0.55
990918763,atributos-de-deus,0.5
768776035,perdao-e-reconciliacao,1
768776035,atributos-de-deus,0.8
768776035,expiacao-e-redencao,0.7
1043458225,ressurreicao-e-consumacao,0.85
1043458225,atributos-de-deus,0.75
1043458225,morte-e-eternidade,0.65
1674378069,evangelismo-e-missoes,1
1674378069,natureza-e-missao-da-igreja,0.7
1674378069,espirito-santo-e-selamento,0.5
1929128333,santificacao,0.95
1929128333,tribulacao-e-perseveranca,0.9
1929128333,pureza-e-fidelidade-sexual,0.65
1820311581,autoridade-das-escrituras,1
1820311581,confissoes-e-reforma,0.5
840100750,divorcio-e-permanencia,1
840100750,casamento-cristao,0.7
1938323714,providencia-de-deus,1
768713350,educacao-crista,1
768713350,autoridade-das-escrituras,0.9
1179289150,atributos-de-deus,1
1179289150,autoridade-das-escrituras,0.6
1179289150,trindade-e-ser-de-deus,0.5
1612548963,evangelismo-e-missoes,1
1612548963,espirito-santo-e-selamento,0.9
1612548963,batismo,0.6
1654579647,santificacao,1
1654579647,culto-publico,0.6
1654579647,expiacao-e-redencao,0.5
1268985496,criacao-e-queda,1
1268985496,criacao-de-filhos,0.8
1268985496,perdao-e-reconciliacao,0.7
1268985496,aliancas-biblicas,0.5
852570235,oracao,1
852570235,emocoes-e-sentimentos,0.5
1855465287,ansiedade-e-medo,1
1855465287,cuidado-de-deus,0.9
1855465287,oracao,0.7
864921700,comunhao-e-unidade,1
864921700,atributos-de-deus,0.8
864921700,expiacao-e-redencao,0.6
888836137,jejum-e-disciplinas-espirituais,1
1268800444,atributos-de-deus,1
1268800444,providencia-de-deus,0.7
1268800444,ressurreicao-e-consumacao,0.5
1432458379,atributos-de-deus,1
1432458379,oracao,0.8
1164192160,justificacao-pela-fe,1
1164192160,expiacao-e-redencao,1
1164192160,decretos-e-eleicao,0.6
1876853475,decretos-e-eleicao,1
1876853475,oracao,0.5
1410046036,providencia-de-deus,1
1410046036,decretos-e-eleicao,0.9
990905998,criacao-e-queda,1
990905998,expiacao-e-redencao,0.9
990905998,batalha-espiritual,0.6
1043493988,decretos-e-eleicao,1
1043493988,graca-eficaz-e-chamado,0.6
1453491166,cuidado-de-deus,1
1453491166,providencia-de-deus,0.9
1453491166,ansiedade-e-medo,0.6
1488261289,casamento-cristao,1
1488261289,marido-e-esposa,0.8
1903803476,criacao-e-queda,1
1903803476,aliancas-biblicas,0.7
1903803476,cristo-o-mediador,0.5
999724843,criacao-e-queda,1
999724843,expiacao-e-redencao,0.5
840095968,palavras-e-comunicacao,1
840095968,perdao-e-reconciliacao,0.9
840095968,expiacao-e-redencao,0.5
745716154,encarnacao-e-reino-de-cristo,0.9
745716154,santificacao,0.8
745716154,graca-eficaz-e-chamado,0.6
926336647,santificacao,1
926336647,perdao-e-reconciliacao,0.55
926336647,palavras-e-comunicacao,0.45
768756274,criacao-e-queda,1
768756274,santificacao,0.9
768756274,cristo-o-mediador,0.7
1243343836,encarnacao-e-reino-de-cristo,0.9
1243343836,aliancas-biblicas,0.9
1243343836,providencia-de-deus,0.7
1243343836,perdao-e-reconciliacao,0.5
1374591088,morte-e-eternidade,1
1374591088,ressurreicao-e-consumacao,0.9
1374591088,lamento-e-confianca,0.7
1231774948,aliancas-biblicas,1
1231774948,encarnacao-e-reino-de-cristo,0.8
1231774948,comunhao-e-unidade,0.6
1281224695,providencia-de-deus,1
1281224695,cristo-o-mediador,0.6
1281224695,expiacao-e-redencao,0.5
1186303681,decretos-e-eleicao,1
1186303681,providencia-de-deus,0.9
1186303681,expiacao-e-redencao,0.5
1115965372,dinheiro-e-contentamento,1
1115965372,providencia-de-deus,0.9
1115965372,trabalho-e-vocacao,0.8
1176593596,decretos-e-eleicao,1
1176593596,oracao,0.7
1176593596,santificacao,0.5
966276796,criacao-e-queda,1
966276796,trabalho-e-vocacao,0.8
1268993833,decretos-e-eleicao,1
1268993833,aliancas-biblicas,0.9
1268993833,dinheiro-e-contentamento,0.6
966275530,criacao-e-queda,1
966275530,atributos-de-deus,0.8
966275530,trindade-e-ser-de-deus,0.6
1718569257,evangelismo-e-missoes,1
1718569257,providencia-de-deus,0.7
1004426026,criacao-e-queda,1
1004426026,graca-eficaz-e-chamado,0.9
1004426026,expiacao-e-redencao,0.6
1310639365,cuidado-de-deus,1
1310639365,atributos-de-deus,0.9
1310639365,justificacao-pela-fe,0.9
1268804893,atributos-de-deus,1
1268804893,adocao-e-heranca,0.7
1268804893,expiacao-e-redencao,0.6
1268804893,decretos-e-eleicao,0.5
1310644120,aliancas-biblicas,0.9
1310644120,autoridade-das-escrituras,0.8
1310644120,encarnacao-e-reino-de-cristo,0.7
1310644120,morte-e-eternidade,0.6
1355463550,culto-publico,1
1355463550,aliancas-biblicas,0.8
1355463550,atributos-de-deus,0.7
1903796558,criacao-e-queda,1
1903796558,confissoes-e-reforma,0.8
1903796558,trabalho-e-vocacao,0.5
1176345286,providencia-de-deus,1
1176345286,casamento-cristao,0.9
918706501,oracao,1
918706501,cuidado-de-deus,0.7
918706501,atributos-de-deus,0.5
1115955271,atributos-de-deus,1
1115955271,expiacao-e-redencao,0.9
1115955271,justificacao-pela-fe,0.8
1115955271,oracao,0.6
802462999,tribulacao-e-perseveranca,1
802462999,morte-e-eternidade,0.6
802462999,evangelismo-e-missoes,0.5
1517268160,comunhao-e-unidade,1
1517268160,presbiteros-e-pastores,0.5
1176326599,lamento-e-confianca,1
1176326599,morte-e-eternidade,1
1176326599,ressurreicao-e-consumacao,0.8
1324606105,encarnacao-e-reino-de-cristo,0.85
1324606105,culto-publico,0.75
1324606105,atributos-de-deus,0.55
1004402791,morte-e-eternidade,1
1004402791,cristo-o-mediador,0.6
1004402791,ressurreicao-e-consumacao,0.5
1176335227,atributos-de-deus,1
1176335227,trindade-e-ser-de-deus,0.6
1176335227,autoridade-das-escrituras,0.5
1097144929,aliancas-biblicas,1
1097144929,batismo,0.7
1097144929,santificacao,0.5
1179289414,aliancas-biblicas,1
1179289414,providencia-de-deus,0.9
1179289414,cuidado-de-deus,0.7
1929134126,emocoes-e-sentimentos,1
1929134126,santificacao,0.6
1929134126,expiacao-e-redencao,0.5
1861343481,decretos-e-eleicao,1
1861343481,atributos-de-deus,0.7
1887929094,criacao-e-queda,1
1887929094,atributos-de-deus,0.5
1887929094,providencia-de-deus,0.5
1142770771,santificacao,1
1142770771,cristo-o-mediador,0.7
1142770771,providencia-de-deus,0.6
1453478590,atributos-de-deus,1
1453478590,autoridade-das-escrituras,0.7
1453478590,expiacao-e-redencao,0.6
868987384,oracao,1
868987384,santificacao,0.85
868987384,providencia-de-deus,0.65
1013704708,criacao-e-queda,1
1013704708,aliancas-biblicas,0.9
1013704708,expiacao-e-redencao,0.8
1645802787,aliancas-biblicas,1
1645802787,criacao-e-queda,0.5
892662463,cristo-o-mediador,1
892662463,expiacao-e-redencao,0.9
892662463,encarnacao-e-reino-de-cristo,0.8
892662463,santificacao,0.75
990952663,criacao-e-queda,1
990952663,decretos-e-eleicao,0.7
990952663,expiacao-e-redencao,0.7
990952663,morte-e-eternidade,0.5
1176321586,expiacao-e-redencao,1
1176321586,cristo-o-mediador,0.8
1176321586,ressurreicao-e-ascensao,0.5
1674375114,consolo-cristao,1
1674375114,comunhao-e-unidade,0.6
1674375114,lamento-e-confianca,0.5
768772096,justificacao-pela-fe,1
768772096,santificacao,0.8
1120335916,graca-eficaz-e-chamado,1
1120335916,criacao-e-queda,0.7
1120335916,atributos-de-deus,0.5
1291214050,atributos-de-deus,1
1291214050,expiacao-e-redencao,0.8
1291214050,decretos-e-eleicao,0.7
1186287832,santificacao,1
1186287832,palavras-e-comunicacao,0.95
1186287832,evangelismo-e-missoes,0.5
1361306026,oracao,1
1361306026,perdao-e-reconciliacao,0.7
1361306026,culto-publico,0.6
1361306026,aliancas-biblicas,0.5
976437973,criacao-e-queda,1
976437973,aliancas-biblicas,0.9
976437973,cristo-o-mediador,0.8
733999618,encarnacao-e-reino-de-cristo,1
733999618,autoridade-das-escrituras,0.9
733999618,cristo-o-mediador,0.7
1076514586,dinheiro-e-contentamento,0.9
1076514586,atributos-de-deus,0.85
1076514586,cristo-o-mediador,0.75
1311125191,providencia-de-deus,1
1311125191,cuidado-de-deus,0.7
1311125191,dinheiro-e-contentamento,0.5
1311125191,expiacao-e-redencao,0.5
840097399,pureza-e-fidelidade-sexual,1
840097399,santificacao,0.6
1728915015,tribulacao-e-perseveranca,1
1728915015,lamento-e-confianca,0.8
1728915015,oracao,0.6
1861344426,batalha-espiritual,1
1861344426,comunhao-e-unidade,0.5
1971209091,aliancas-biblicas,1
1971209091,encarnacao-e-reino-de-cristo,0.85
1176584521,atributos-de-deus,1
1176584521,providencia-de-deus,0.6
1176584521,decretos-e-eleicao,0.5
1687321344,ressurreicao-e-ascensao,1
1687321344,cristo-o-mediador,0.9
1687321344,ressurreicao-e-consumacao,0.5
1346070574,cristo-o-mediador,1
1346070574,expiacao-e-redencao,0.9
1346070574,morte-e-eternidade,0.7
1519141552,expiacao-e-redencao,1
1519141552,cristo-o-mediador,0.8
1519141552,criacao-e-queda,0.6
856672258,oracao,1
856672258,atributos-de-deus,0.6
1017983836,aliancas-biblicas,1
1017983836,magistrado-civil,0.9
1017983836,cuidado-de-deus,0.7
1017983836,expiacao-e-redencao,0.6
1291215931,expiacao-e-redencao,1
1291215931,criacao-e-queda,0.9
1291215931,justificacao-pela-fe,0.7
1291215931,perdao-e-reconciliacao,0.6
1903795193,perdao-e-reconciliacao,1
1903795193,santificacao,0.8
1903795193,cristo-o-mediador,0.6
900729031,ansiedade-e-medo,1
900729031,cuidado-de-deus,0.7
1231795630,graca-eficaz-e-chamado,0.95
1231795630,santificacao,0.8
1231795630,expiacao-e-redencao,0.75
896585956,dinheiro-e-contentamento,1
896585956,bens-e-responsabilidade,0.7
1543819762,oracao,1
1543819762,comunhao-e-unidade,0.6
1543819762,adocao-e-heranca,0.5
1540199137,natureza-e-missao-da-igreja,1
1540199137,comunhao-e-unidade,0.9
1023010333,palavras-e-comunicacao,1
1023010333,expiacao-e-redencao,0.7
1023010333,perdao-e-reconciliacao,0.6
1517267875,comunhao-e-unidade,1
1517267875,expiacao-e-redencao,0.5
1364754568,espirito-santo-e-selamento,1
1364754568,aliancas-biblicas,0.9
1364754568,decretos-e-eleicao,0.7
1750955877,jejum-e-disciplinas-espirituais,1
1221420628,atributos-de-deus,1
1221420628,apologetica,0.5
1110778255,atributos-de-deus,1
1110778255,cuidado-de-deus,0.7
1971218151,atributos-de-deus,1
1971218151,autoridade-das-escrituras,0.85
1971218151,encarnacao-e-reino-de-cristo,0.7
1096264486,aliancas-biblicas,1
1096264486,adocao-e-heranca,0.6
1096264486,atributos-de-deus,0.5
1646457042,aliancas-biblicas,1
1646457042,cristo-o-mediador,0.9
1646457042,justificacao-pela-fe,0.7
1674363819,palavras-e-comunicacao,1
1674363819,expiacao-e-redencao,0.5
732130057,expiacao-e-redencao,1
732130057,culto-publico,0.8
732130057,evangelismo-e-missoes,0.5
732130057,comunhao-e-unidade,0.5
1210550935,providencia-de-deus,1
1210550935,cristo-o-mediador,0.9
1210550935,decretos-e-eleicao,0.6
1231784281,aliancas-biblicas,1
1231784281,encarnacao-e-reino-de-cristo,0.9
1231784281,culto-publico,0.7
1120352887,pureza-e-fidelidade-sexual,0.95
1120352887,criacao-de-filhos,0.85
1120352887,expiacao-e-redencao,0.55
1062279430,dinheiro-e-contentamento,1
1062279430,comunhao-e-unidade,0.8
1062279430,bens-e-responsabilidade,0.6
888832615,oracao,1
888832615,atributos-de-deus,0.9
888832615,providencia-de-deus,0.8
1515682870,comunhao-e-unidade,1
1515682870,criacao-e-queda,0.7
1515682870,expiacao-e-redencao,0.5
1361306497,cristo-o-mediador,1
1361306497,encarnacao-e-reino-de-cristo,0.9
1361306497,expiacao-e-redencao,0.8
1361306497,aliancas-biblicas,0.6
1231778776,presbiteros-e-pastores,1
1231778776,santificacao,0.6
1231778776,autoridade-das-escrituras,0.5
1674380196,perdao-e-reconciliacao,1
1674380196,santificacao,0.8
1674380196,expiacao-e-redencao,0.8
1929150521,evangelismo-e-missoes,1
1929150521,oracao,0.7
1929150521,batalha-espiritual,0.5
1007577517,aliancas-biblicas,1
1007577517,criacao-e-queda,0.9
1007577517,expiacao-e-redencao,0.8
1007577517,justificacao-pela-fe,0.7
1349851903,aliancas-biblicas,0.95
1349851903,providencia-de-deus,0.9
1349851903,expiacao-e-redencao,0.85
860845129,encarnacao-e-reino-de-cristo,1
860845129,oracao,0.9
860845129,ressurreicao-e-consumacao,0.6
860845129,batalha-espiritual,0.5
1374615619,providencia-de-deus,1
1374615619,perdao-e-reconciliacao,0.7
1374615619,expiacao-e-redencao,0.6
1830366774,criacao-de-filhos,1
1795587958,marido-e-esposa,1
1795587958,casamento-cristao,0.7
1795587958,expiacao-e-redencao,0.5
1291224529,cuidado-de-deus,1
1291224529,pureza-e-fidelidade-sexual,0.7
1027233397,criacao-e-queda,1
1027233397,evangelismo-e-missoes,0.8
1027233397,cristo-o-mediador,0.6
1421057248,criacao-e-queda,0.95
1421057248,expiacao-e-redencao,0.88
1421057248,justificacao-pela-fe,0.7
1199383432,aliancas-biblicas,1
1199383432,providencia-de-deus,0.9
1199383432,perdao-e-reconciliacao,0.8
1199383432,educacao-crista,0.7
1062271384,cuidado-de-deus,1
1062271384,tribulacao-e-perseveranca,0.8
1062271384,cristo-o-mediador,0.6
1606709691,comunhao-e-unidade,1
1606709691,natureza-e-missao-da-igreja,0.9
1606709691,palavras-e-comunicacao,0.6
1569679786,comunhao-e-unidade,1
1569679786,natureza-e-missao-da-igreja,0.6
1569679786,trindade-e-ser-de-deus,0.5
1646774532,aliancas-biblicas,1
1646774532,encarnacao-e-reino-de-cristo,0.6
1561401862,oracao,1
1561401862,atributos-de-deus,0.8
1561401862,natureza-e-missao-da-igreja,0.6
1337543116,morte-e-eternidade,1
1337543116,cuidado-de-deus,0.8
1337543116,aliancas-biblicas,0.8
1337543116,cristo-o-mediador,0.8
1377794626,cristo-o-mediador,1
1377794626,ressurreicao-e-ascensao,0.8
1377794626,expiacao-e-redencao,0.6
1377794626,providencia-de-deus,0.6
1830913185,criacao-de-filhos,1
1830913185,educacao-crista,0.85
1291230400,providencia-de-deus,1
1291230400,tribulacao-e-perseveranca,0.7
1291230400,autoridade-das-escrituras,0.6
1291230400,ressurreicao-e-ascensao,0.5
958250851,liberdade-religiosa,1
958250851,apologetica,0.8
958250851,autoridade-das-escrituras,0.6
1552428382,espirito-santo-e-selamento,1
1552428382,oracao,0.9
1552428382,santificacao,0.6
1097145769,comunhao-e-unidade,1
1097145769,diaconia,0.5
1097145769,ceia-do-senhor,0.5
1585609583,natureza-e-missao-da-igreja,1
1585609583,presbiteros-e-pastores,0.9
1585609583,comunhao-e-unidade,0.7
1585609583,santificacao,0.6
1096262248,cuidado-de-deus,1
1096262248,lamento-e-confianca,0.6
1096262248,atributos-de-deus,0.5
1096262248,expiacao-e-redencao,0.5
1454381947,criacao-e-queda,1
1454381947,expiacao-e-redencao,0.7
1454381947,batalha-espiritual,0.5
1646234136,aliancas-biblicas,1
1855439355,trabalho-e-vocacao,1
1076522437,justificacao-pela-fe,1
1076522437,aliancas-biblicas,1
1076522437,expiacao-e-redencao,0.7
1974920355,providencia-de-deus,1
1974920355,atributos-de-deus,0.8
1974920355,cuidado-de-deus,0.7
1974920355,ansiedade-e-medo,0.5
1221421495,providencia-de-deus,1
1221421495,cuidado-de-deus,0.9
1221421495,aliancas-biblicas,0.65
1221421495,cristo-o-mediador,0.5
1310643475,providencia-de-deus,1
1310643475,cristo-o-mediador,0.8
1641334317,bens-e-responsabilidade,1
1641334317,expiacao-e-redencao,0.8
1641334317,trabalho-e-vocacao,0.6
1392958885,expiacao-e-redencao,1
1782875970,casamento-cristao,1
1782875970,marido-e-esposa,0.8
1782875970,expiacao-e-redencao,0.5
1076522902,morte-e-eternidade,1
1076522902,apologetica,0.7
1076522902,santificacao,0.5
1243342543,lamento-e-confianca,1
1243342543,providencia-de-deus,1
1243342543,expiacao-e-redencao,0.5
1243342543,aliancas-biblicas,0.5
1062267097,aliancas-biblicas,1
1062267097,cristo-o-mediador,0.6
1062267097,santificacao,0.5
1062267097,evangelismo-e-missoes,0.5
1410701863,morte-e-eternidade,1
1410701863,ressurreicao-e-consumacao,0.9
1410701863,santificacao,0.5
1231798444,santificacao,1
1231798444,justificacao-pela-fe,0.9
1231798444,perdao-e-reconciliacao,0.7
1420250269,adocao-e-heranca,1
1420250269,decretos-e-eleicao,1
1176590620,atributos-de-deus,1
1421067463,natureza-e-missao-da-igreja,1
1421067463,marido-e-esposa,0.8
1421067463,criacao-de-filhos,0.6
1355596936,aliancas-biblicas,1
1355596936,decretos-e-eleicao,1
1355596936,adocao-e-heranca,0.9
1231785454,perdao-e-reconciliacao,1
1231785454,oracao,0.6
1231785454,cristo-o-mediador,0.5
1043487370,criacao-e-queda,1
1043487370,providencia-de-deus,0.9
1043487370,atributos-de-deus,0.7
1043487370,expiacao-e-redencao,0.5
1420255681,espirito-santo-e-selamento,1
1420255681,graca-eficaz-e-chamado,0.6
1420255681,adocao-e-heranca,0.5
1606747872,trindade-e-ser-de-deus,1
1606747872,ressurreicao-e-consumacao,0.9
1606747872,providencia-de-deus,0.7
1687312332,santificacao,1
1687312332,adocao-e-heranca,0.9
1687312332,expiacao-e-redencao,0.8
1750258758,comunhao-e-unidade,1
1750258758,santificacao,0.7
1750258758,cristo-o-mediador,0.5
1745528445,espirito-santo-e-selamento,1
1745528445,palavras-e-comunicacao,0.8
1745528445,comunhao-e-unidade,0.5
1585038067,culto-publico,1
1585038067,autoridade-das-escrituras,0.9
1585038067,presbiteros-e-pastores,0.6
1268986795,lamento-e-confianca,0.95
1268986795,providencia-de-deus,0.85
1268986795,ressurreicao-e-consumacao,0.8
1432454842,aliancas-biblicas,1
1432454842,providencia-de-deus,0.8
1432454842,encarnacao-e-reino-de-cristo,0.6
1440325594,providencia-de-deus,1
1440325594,decretos-e-eleicao,0.8
1440325594,expiacao-e-redencao,0.5
1887935607,batalha-espiritual,1
1887935607,justificacao-pela-fe,0.7
1887935607,evangelismo-e-missoes,0.5
1364951134,expiacao-e-redencao,1
1364951134,cristo-o-mediador,0.9
1364951134,aliancas-biblicas,0.7
1364951134,ressurreicao-e-ascensao,0.5
1929124778,oracao,1
1929124778,batalha-espiritual,0.7
1929124778,evangelismo-e-missoes,0.5
1421056624,espirito-santo-e-selamento,1
1421056624,adocao-e-heranca,0.8
1421056624,santificacao,0.6
1421056624,ressurreicao-e-consumacao,0.5
807579874,natureza-e-missao-da-igreja,1
807579874,evangelismo-e-missoes,0.9
807579874,santificacao,0.6
1971232627,cuidado-de-deus,1
1971232627,ansiedade-e-medo,0.6
1971232627,tribulacao-e-perseveranca,0.5
1577600830,cristo-o-mediador,1
1577600830,ressurreicao-e-ascensao,0.95
1577600830,expiacao-e-redencao,0.7
1577600830,natureza-e-missao-da-igreja,0.55
1243337224,criacao-e-queda,1
1243337224,expiacao-e-redencao,0.8
1298947930,providencia-de-deus,1
1298947930,tribulacao-e-perseveranca,0.9
1298947930,lamento-e-confianca,0.8
1210547467,providencia-de-deus,1
1210547467,aliancas-biblicas,0.9
1210547467,expiacao-e-redencao,0.8
1210547467,santificacao,0.5
958258414,santificacao,1
958258414,expiacao-e-redencao,0.5
1176329533,natureza-e-missao-da-igreja,1
1176329533,evangelismo-e-missoes,0.9
1176329533,santificacao,0.6
1706591493,santificacao,1
1706591493,morte-e-eternidade,0.5
1706591493,ressurreicao-e-consumacao,0.5
1971242619,ressurreicao-e-consumacao,1
1971242619,ressurreicao-e-ascensao,0.8
1971242619,autoridade-das-escrituras,0.7
1926048962,batalha-espiritual,1
1926048962,expiacao-e-redencao,0.7
1929153299,presbiteros-e-pastores,1
1929153299,comunhao-e-unidade,0.9
1929153299,palavras-e-comunicacao,0.6
1912350524,batalha-espiritual,1
1912350524,evangelismo-e-missoes,0.7
1912350524,graca-eficaz-e-chamado,0.5
1974902871,autoridade-das-escrituras,1
1974902871,cuidado-de-deus,0.5
1618714875,santificacao,1
1618714875,criacao-e-queda,0.6
1618714875,expiacao-e-redencao,0.5
1346066614,presbiteros-e-pastores,1
1543802539,tribulacao-e-perseveranca,1
1543802539,providencia-de-deus,0.9
1543802539,expiacao-e-redencao,0.7
1855454256,trabalho-e-vocacao,1
1855454256,expiacao-e-redencao,0.6
1876859949,batalha-espiritual,1
1876859949,tribulacao-e-perseveranca,0.6
1876859949,santificacao,0.5
1337446996,perdao-e-reconciliacao,1
1337446996,providencia-de-deus,0.9
1337446996,cristo-o-mediador,0.8
1337446996,comunhao-e-unidade,0.6
1971253147,atributos-de-deus,1
1971253147,expiacao-e-redencao,0.8
1971253147,cuidado-de-deus,0.5
1728934092,espirito-santo-e-selamento,1
1728934092,santificacao,0.8
1971248099,confissoes-e-reforma,1
1971248099,criacao-e-queda,0.95
1971248099,decretos-e-eleicao,0.7
1971248099,graca-eficaz-e-chamado,0.65
1324609336,expiacao-e-redencao,1
1324609336,cristo-o-mediador,0.8
1438669048,ressurreicao-e-ascensao,1
1630216476,emocoes-e-sentimentos,1
1630216476,santificacao,0.9
1630216476,expiacao-e-redencao,0.5
1701806817,morte-e-eternidade,1
1701806817,pureza-e-fidelidade-sexual,1
1701806817,expiacao-e-redencao,0.5
1750069524,emocoes-e-sentimentos,1
1750069524,providencia-de-deus,0.9
1750069524,espirito-santo-e-selamento,0.7
1701793038,santificacao,1
1701793038,perdao-e-reconciliacao,0.7
1706554227,santificacao,1
1706554227,expiacao-e-redencao,0.6
1706554227,encarnacao-e-reino-de-cristo,0.5
1256014420,cuidado-de-deus,0.95
1256014420,morte-e-eternidade,0.85
1256014420,providencia-de-deus,0.75
1440335845,natureza-e-missao-da-igreja,1
1440335845,cristo-o-mediador,0.6
1440335845,ressurreicao-e-ascensao,0.6
1625788737,verdade-e-integridade,1
1625788737,palavras-e-comunicacao,0.6
1938328931,graca-eficaz-e-chamado,1
1938328931,cristo-o-mediador,0.9
1938328931,santificacao,0.6
1120415719,providencia-de-deus,1
1120415719,morte-e-eternidade,0.9
1120415719,ressurreicao-e-consumacao,0.7
1453484566,cristo-o-mediador,1
1453484566,autoridade-das-escrituras,0.8
1453484566,batismo,0.7
1453484566,natureza-e-missao-da-igreja,0.5
1220839258,providencia-de-deus,1
1220839258,dinheiro-e-contentamento,0.8
1220839258,justificacao-pela-fe,0.5
1791187507,marido-e-esposa,1
1791187507,casamento-cristao,0.7
1674376659,espirito-santo-e-selamento,1
1674376659,santificacao,0.95
1674376659,emocoes-e-sentimentos,0.75
1641501450,palavras-e-comunicacao,1
1641501450,expiacao-e-redencao,0.5
1855440861,trindade-e-ser-de-deus,1
1612549236,santificacao,1
1612549236,criacao-e-queda,0.85
1612549236,graca-eficaz-e-chamado,0.8
1612549236,expiacao-e-redencao,0.65
1176587521,providencia-de-deus,1
1176587521,emocoes-e-sentimentos,0.9
1176587521,cuidado-de-deus,0.8
1176587521,ressurreicao-e-consumacao,0.6
1488260293,justificacao-pela-fe,1
1488260293,graca-eficaz-e-chamado,0.9
1488260293,cristo-o-mediador,0.75
1488260293,santificacao,0.55
1461931426,graca-eficaz-e-chamado,1
1461931426,criacao-e-queda,0.8
1461931426,atributos-de-deus,0.7
1519128067,comunhao-e-unidade,1
1519128067,natureza-e-missao-da-igreja,0.9
1612339044,santificacao,1
1612339044,cristo-o-mediador,0.6
1255835782,santificacao,1
1255835782,graca-eficaz-e-chamado,0.8
1255835782,expiacao-e-redencao,0.5
1255835782,culto-domestico,0.5
1801026820,marido-e-esposa,1
1801026820,santificacao,0.7
1801026820,casamento-cristao,0.6
1268828482,morte-e-eternidade,1
1268828482,ressurreicao-e-consumacao,0.9
1268828482,lamento-e-confianca,0.6
1830909057,atributos-de-deus,1
1830909057,trindade-e-ser-de-deus,0.7
1830909057,autoridade-das-escrituras,0.6
1830909057,confissoes-e-reforma,0.6
1903802087,cristo-o-mediador,1
1903802087,graca-eficaz-e-chamado,0.7
1903802087,expiacao-e-redencao,0.5
1350778393,culto-publico,1
1350778393,cristo-o-mediador,0.9
1350778393,comunhao-e-unidade,0.7
1855434897,atributos-de-deus,1
1350463276,culto-publico,1
1350463276,cristo-o-mediador,1
1350463276,expiacao-e-redencao,0.6
1706566149,governo-e-disciplina-eclesiastica,1
1706566149,justificacao-pela-fe,0.95
1706566149,comunhao-e-unidade,0.7
1929127214,aliancas-biblicas,1
1929127214,criacao-e-queda,0.8
1929127214,justificacao-pela-fe,0.7
1789417621,presbiteros-e-pastores,1
1789417621,tribulacao-e-perseveranca,0.7
1789417621,evangelismo-e-missoes,0.6
1929130661,aliancas-biblicas,1
1929130661,confissoes-e-reforma,0.7
1710985782,governo-e-disciplina-eclesiastica,1
1710985782,autoridade-das-escrituras,1
1710985782,comunhao-e-unidade,0.8
1710985782,justificacao-pela-fe,0.6
745716796,justificacao-pela-fe,1
745716796,santificacao,0.7
745716796,atributos-de-deus,0.5
1750735278,evangelismo-e-missoes,1
1750735278,apologetica,0.6
1618711698,autoridade-das-escrituras,1
1618711698,governo-e-disciplina-eclesiastica,0.6
1618711698,santificacao,0.5
1164188455,providencia-de-deus,1
1164188455,morte-e-eternidade,0.6
1164188455,justificacao-pela-fe,0.5
1199387824,atributos-de-deus,1
1199387824,justificacao-pela-fe,0.9
1199387824,expiacao-e-redencao,0.8
1420250629,autoridade-das-escrituras,1
1420250629,confissoes-e-reforma,0.7
1880056293,culto-publico,1
1880056293,atributos-de-deus,0.8
1880056293,expiacao-e-redencao,0.7
1350283645,cristo-o-mediador,1
1350283645,aliancas-biblicas,0.9
1350283645,justificacao-pela-fe,0.7
1350283645,santificacao,0.6
1170141526,santificacao,1
1170141526,justificacao-pela-fe,0.7
1170141526,expiacao-e-redencao,0.5
1625787492,autoridade-das-escrituras,1
1625787492,batalha-espiritual,0.7
1625787492,oracao,0.7
1641482028,natureza-e-missao-da-igreja,0.9
1641482028,evangelismo-e-missoes,0.65
1641482028,santificacao,0.55
1613154825,ressurreicao-e-consumacao,1
1613154825,tribulacao-e-perseveranca,0.9
1613154825,morte-e-eternidade,0.7
1974897147,justificacao-pela-fe,1
1974897147,expiacao-e-redencao,0.5
1974897147,confissoes-e-reforma,0.5
1170142129,santificacao,1
1170142129,justica-e-leis,0.7
1170142129,autoridade-das-escrituras,0.5
1349931310,cristo-o-mediador,1
1349931310,consolo-cristao,0.8
1349931310,justificacao-pela-fe,0.7
1349931310,expiacao-e-redencao,0.7
1096975225,cristo-o-mediador,1
1096975225,santificacao,0.8
1096975225,criacao-e-queda,0.7
1837930761,atributos-de-deus,1
1837930761,trindade-e-ser-de-deus,0.5
1837930761,expiacao-e-redencao,0.5
1350913930,ressurreicao-e-ascensao,1
1350913930,autoridade-das-escrituras,0.7
1350913930,comunhao-e-unidade,0.5
1543326001,dinheiro-e-contentamento,1
1543326001,bens-e-responsabilidade,0.8
1606658214,atributos-de-deus,0.95
1606658214,providencia-de-deus,0.9
1606658214,batalha-espiritual,0.8
1606658214,santificacao,0.55
2269875407,evangelismo-e-missoes,1
2269875407,batalha-espiritual,1
2269875407,expiacao-e-redencao,0.5
1142779435,culto-publico,1
1142779435,autoridade-das-escrituras,0.85
1142779435,expiacao-e-redencao,0.65
1585047647,batalha-espiritual,1
1585047647,graca-eficaz-e-chamado,0.6
1585047647,autoridade-das-escrituras,0.5
1687317075,providencia-de-deus,1
1687317075,oracao,0.9
1687317075,tribulacao-e-perseveranca,0.7
2293691186,evangelismo-e-missoes,1
2293691186,apologetica,0.8
2121602565,santificacao,1
2121601809,governo-e-disciplina-eclesiastica,1
2269881719,trabalho-e-vocacao,1
2269881719,cuidado-de-deus,0.6
2028129428,liberdade-religiosa,1
2028129428,confissoes-e-reforma,0.8
2028143080,ressurreicao-e-ascensao,1
2028143080,espirito-santo-e-selamento,0.7
2028143080,natureza-e-missao-da-igreja,0.5
2051377792,culto-publico,1
2051377792,confissoes-e-reforma,0.5
2209143023,providencia-de-deus,1
2209143023,atributos-de-deus,0.7
2209143023,criacao-e-queda,0.6
2209143023,expiacao-e-redencao,0.5
2150987076,ressurreicao-e-consumacao,1
2150987076,decretos-e-eleicao,0.6
2150987076,atributos-de-deus,0.5
2002812519,confissoes-e-reforma,1
2002812519,santificacao,0.9
2002812519,justificacao-pela-fe,0.7
2099916186,graca-eficaz-e-chamado,1
2099916186,expiacao-e-redencao,0.8
2099916186,cristo-o-mediador,0.7
2098806738,ceia-do-senhor,0.95
2098806738,batismo,0.9
2098806738,confissoes-e-reforma,0.55
2002813711,autoridade-das-escrituras,1
2002813711,providencia-de-deus,0.6
2002813711,expiacao-e-redencao,0.5
2189645943,aliancas-biblicas,1
2189645943,expiacao-e-redencao,0.9
2189645943,morte-e-eternidade,0.8
2189645943,santificacao,0.6
2309611718,comunhao-e-unidade,1
2309611718,dinheiro-e-contentamento,0.6
2165791422,ressurreicao-e-consumacao,1
2165791422,magistrado-civil,0.6
2165791422,tribulacao-e-perseveranca,0.5
2126315136,diaconia,1
2126315136,bens-e-responsabilidade,0.6
2126315136,culto-publico,0.5
2126899857,morte-e-eternidade,1
2126899857,expiacao-e-redencao,0.6
2082731127,expiacao-e-redencao,1
2082731127,justificacao-pela-fe,0.6
2082719532,magistrado-civil,1
2082719532,justica-e-leis,0.7
2082719532,atributos-de-deus,0.5
2166582093,tribulacao-e-perseveranca,1
2166582093,ressurreicao-e-consumacao,0.7
2166582093,evangelismo-e-missoes,0.6
2166582093,magistrado-civil,0.5
2166230130,magistrado-civil,1
2166230130,evangelismo-e-missoes,0.8
2166230130,tribulacao-e-perseveranca,0.7
2166230130,liberdade-religiosa,0.6
2177689785,ressurreicao-e-consumacao,1
2177689785,decretos-e-eleicao,0.85
2177689785,tribulacao-e-perseveranca,0.6
2177689785,santificacao,0.5
2269894283,santificacao,1
2269894283,cristo-o-mediador,0.6
2269894283,aliancas-biblicas,0.5
2238697847,criacao-e-queda,1
2238697847,justificacao-pela-fe,0.6
2238697847,expiacao-e-redencao,0.5
2269893431,evangelismo-e-missoes,1
2122341177,governo-e-disciplina-eclesiastica,1
2293717964,evangelismo-e-missoes,1
2293717964,apologetica,0.9
2039084780,culto-publico,1
2039084780,confissoes-e-reforma,0.5
2053017548,ressurreicao-e-consumacao,1
2053017548,morte-e-eternidade,0.8
2053017548,cuidado-de-deus,0.6
2039088509,expiacao-e-redencao,1
2039088509,ressurreicao-e-consumacao,0.9
2039088509,autoridade-das-escrituras,0.6
1987384315,graca-eficaz-e-chamado,1
1987384315,confissoes-e-reforma,0.5
1987384315,espirito-santo-e-selamento,0.5
2051387756,confissoes-e-reforma,1
2051387756,santificacao,0.7
2218488440,ansiedade-e-medo,1
2218488440,providencia-de-deus,1
2218488440,expiacao-e-redencao,0.5
2218486739,batismo,1
2218486739,justificacao-pela-fe,0.6
2218486739,aliancas-biblicas,0.5
2151670083,morte-e-eternidade,1
2151670083,ressurreicao-e-consumacao,1
2151670083,confissoes-e-reforma,0.5
2267738624,evangelismo-e-missoes,1
2151673854,santificacao,1
2151673854,justificacao-pela-fe,0.7
2151673854,culto-publico,0.5
2268512351,providencia-de-deus,1
2268512351,evangelismo-e-missoes,0.5
2268512351,atributos-de-deus,0.5
2100531789,batalha-espiritual,1
2100531789,santificacao,0.9
2100531789,governo-e-disciplina-eclesiastica,0.6
2109763098,divorcio-e-permanencia,1
2109763098,casamento-cristao,0.8
2109763098,marido-e-esposa,0.7
2109763098,pureza-e-fidelidade-sexual,0.6
2013953571,decretos-e-eleicao,0.85
2013953571,graca-eficaz-e-chamado,0.65
2013953571,santificacao,0.55
2013953571,ressurreicao-e-consumacao,0.45
2013957827,autoridade-das-escrituras,0.9
2013957827,cristo-o-mediador,0.8
2013957827,culto-publico,0.7
2013957827,santificacao,0.6
2129494950,encarnacao-e-reino-de-cristo,1
2129494950,aliancas-biblicas,0.8
2129494950,providencia-de-deus,0.7
2129494950,ressurreicao-e-ascensao,0.5
2203518067,providencia-de-deus,1
2203518067,trabalho-e-vocacao,0.9
2203518067,educacao-crista,0.6
2082733179,cuidado-de-deus,1
2082733179,providencia-de-deus,0.7
2082733179,expiacao-e-redencao,0.6
2309986298,criacao-e-queda,1
2309986298,expiacao-e-redencao,0.7
2129403540,governo-e-disciplina-eclesiastica,1
2129403540,presbiteros-e-pastores,0.95
2129403540,diaconia,0.75
2129403540,natureza-e-missao-da-igreja,0.65
2297039825,evangelismo-e-missoes,1
2177698323,batismo,1
2177698323,criacao-e-queda,0.7
2177698323,expiacao-e-redencao,0.6
2177698323,santificacao,0.5
2238710510,providencia-de-deus,1
2238710510,santificacao,0.9
2238710510,batalha-espiritual,0.8
2238710510,ressurreicao-e-consumacao,0.7
2123521758,culto-publico,1
2123521758,autoridade-das-escrituras,0.9
2123521758,aliancas-biblicas,0.7
2123521758,cristo-o-mediador,0.6
2040992144,expiacao-e-redencao,1
2040992144,graca-eficaz-e-chamado,0.8
1987698631,autoridade-das-escrituras,1
1987698631,atributos-de-deus,0.9
1987697979,justificacao-pela-fe,1
1987697979,santificacao,0.7
2039261060,culto-publico,1
2221536488,batismo,1
2221536488,santificacao,0.6
2221536488,expiacao-e-redencao,0.5
2068769496,encarnacao-e-reino-de-cristo,1
2068769496,ressurreicao-e-consumacao,0.8
2068769496,criacao-e-queda,0.6
2068769496,cuidado-de-deus,0.5
2068004408,verdade-e-integridade,1
2068004408,confissoes-e-reforma,0.5
2155492935,ressurreicao-e-consumacao,1
2155492935,decretos-e-eleicao,0.6
2268513059,evangelismo-e-missoes,1
2268513059,oracao,0.5
2268519176,providencia-de-deus,1
2268519176,cuidado-de-deus,0.9
2268519176,tribulacao-e-perseveranca,0.85
2221541975,culto-publico,1
2221541975,santificacao,0.7
2221541975,cristo-o-mediador,0.6
2221541975,expiacao-e-redencao,0.5
2107309704,comunhao-e-unidade,1
2107309704,natureza-e-missao-da-igreja,0.6
2107309704,tribulacao-e-perseveranca,0.5
2109762861,autoridade-das-escrituras,1
2109762861,graca-eficaz-e-chamado,0.8
2109762861,santificacao,0.7
2109762861,batalha-espiritual,0.5
2025323328,confissoes-e-reforma,1
2025323328,santificacao,0.7
2025323328,magistrado-civil,0.6
2025323328,criacao-e-queda,0.5
2025323724,expiacao-e-redencao,1
2025323724,cristo-o-mediador,0.9
2025323724,justificacao-pela-fe,0.8
2025323724,santificacao,0.7
2133584952,atributos-de-deus,1
2133584952,expiacao-e-redencao,0.7
2082740580,magistrado-civil,1
2082740580,encarnacao-e-reino-de-cristo,0.8
2082740580,providencia-de-deus,0.7
2082743718,autoridade-das-escrituras,0.95
2082743718,governo-e-disciplina-eclesiastica,0.85
2082743718,batalha-espiritual,0.6
2133462618,criacao-e-queda,1
2133462618,providencia-de-deus,0.7
2133462618,cristo-o-mediador,0.6
2125398285,diaconia,1
2125398285,governo-e-disciplina-eclesiastica,0.5
2125398285,bens-e-responsabilidade,0.5
2125398285,culto-publico,0.5
2186621798,batismo,1
2186621798,espirito-santo-e-selamento,0.5
2125402890,expiacao-e-redencao,1
2125402890,santificacao,0.6
2125402890,cristo-o-mediador,0.5
2293687103,cuidado-de-deus,1
2293687103,batalha-espiritual,0.6
2293687103,expiacao-e-redencao,0.5
2042875164,culto-publico,1
2042875164,confissoes-e-reforma,0.5
1992129555,graca-eficaz-e-chamado,1
1992129555,perdao-e-reconciliacao,0.7
1992129555,santificacao,0.6
1996040355,expiacao-e-redencao,1
1996040355,evangelismo-e-missoes,0.8
1996040355,autoridade-das-escrituras,0.6
2068785720,evangelismo-e-missoes,1
2068785720,culto-publico,0.6
2068785720,ressurreicao-e-consumacao,0.5
2158737579,ressurreicao-e-consumacao,1
2158737579,morte-e-eternidade,0.7
2158737579,confissoes-e-reforma,0.5
2109763392,natureza-e-missao-da-igreja,1
2109763392,santificacao,0.6
2109763392,confissoes-e-reforma,0.5
2109768972,criacao-e-queda,1
2109768972,expiacao-e-redencao,0.7
2109768972,morte-e-eternidade,0.5
2221563614,tribulacao-e-perseveranca,0.95
2221563614,expiacao-e-redencao,0.85
2221563614,justificacao-pela-fe,0.75
2221563614,decretos-e-eleicao,0.65
2086853619,magistrado-civil,1
2086853619,justica-e-leis,0.5
2358906275,evangelismo-e-missoes,1
2358906275,encarnacao-e-reino-de-cristo,0.7
2358906275,expiacao-e-redencao,0.5
2025338072,atributos-de-deus,1
2025338072,expiacao-e-redencao,0.7
2025338072,cristo-o-mediador,0.5
2086853838,magistrado-civil,1
2086853838,expiacao-e-redencao,0.8
2086853838,criacao-e-queda,0.5
2125403148,diaconia,1
2002802811,perdao-e-reconciliacao,1
2002802811,expiacao-e-redencao,0.9
2002802811,justificacao-pela-fe,0.7
2240506196,providencia-de-deus,1
2240506196,cristo-o-mediador,0.8
2240506196,santificacao,0.7
2139284433,graca-eficaz-e-chamado,1
2139284433,decretos-e-eleicao,0.8
2139284433,expiacao-e-redencao,0.8
2139284433,santificacao,0.7
2002797083,graca-eficaz-e-chamado,1
2002797083,evangelismo-e-missoes,0.6
2002797083,decretos-e-eleicao,0.5
2055760664,marido-e-esposa,1
2055760664,criacao-de-filhos,0.9
2055760664,casamento-cristao,0.7
2055760664,educacao-crista,0.6
2055753816,pureza-e-fidelidade-sexual,1
2055753816,casamento-cristao,0.7
2055759268,autoridade-das-escrituras,1
2055759268,criacao-de-filhos,0.6
2055759268,educacao-crista,0.5
2055759268,magistrado-civil,0.5
2230355342,culto-publico,1
2230355342,cristo-o-mediador,0.7
2230355342,expiacao-e-redencao,0.5
2069781600,expiacao-e-redencao,1
2069781600,cristo-o-mediador,0.9
2069781600,batismo,0.6
2165094324,ceia-do-senhor,1
2165094324,comunhao-e-unidade,0.5
2165094324,expiacao-e-redencao,0.5
2068812956,confissoes-e-reforma,1
2165561007,santificacao,1
2165561007,batalha-espiritual,0.8
2123519028,culto-publico,1
2123519028,santificacao,0.9
2123519028,atributos-de-deus,0.7
2123517330,culto-publico,1
2123517330,santificacao,0.8
2123517330,marido-e-esposa,0.6
2123517330,atributos-de-deus,0.5
2297238698,santificacao,1
2297238698,atributos-de-deus,0.7
2123519739,culto-domestico,1
2123519739,culto-publico,0.9
2123519739,casamento-cristao,0.5
2051378456,santificacao,1
2051378456,justificacao-pela-fe,0.8
2051378456,expiacao-e-redencao,0.5
2209136477,aliancas-biblicas,1
2209136477,batismo,0.5
2209136477,justificacao-pela-fe,0.5
1987371107,santificacao,1
1987371107,expiacao-e-redencao,0.6
1987364519,santificacao,1
2243005094,evangelismo-e-missoes,1
2243005094,expiacao-e-redencao,0.8
2243005094,criacao-e-queda,0.7
2243005094,ressurreicao-e-ascensao,0.6
2243010614,santificacao,0.95
2243010614,cristo-o-mediador,0.85
2243010614,criacao-e-queda,0.75
2243010614,culto-publico,0.55
2189643703,batismo,1
2189643703,aliancas-biblicas,0.8
2189643703,criacao-e-queda,0.6
2150993778,criacao-e-queda,0.95
2150993778,expiacao-e-redencao,0.85
2150993778,evangelismo-e-missoes,0.65
2150993778,ressurreicao-e-consumacao,0.55
2230387766,batismo,1
2230387766,aliancas-biblicas,0.9
2297030858,oracao,1
2297030858,atributos-de-deus,0.7
2297030858,cristo-o-mediador,0.6
2126890884,morte-e-eternidade,0.95
2126890884,evangelismo-e-missoes,0.8
2166018978,providencia-de-deus,0.95
2166018978,trabalho-e-vocacao,0.85
2166018978,ressurreicao-e-consumacao,0.85
2166018978,tribulacao-e-perseveranca,0.75
2309636336,evangelismo-e-missoes,1
2309636336,apologetica,0.95
2309636336,autoridade-das-escrituras,0.75
2082731973,magistrado-civil,1
2203513163,batismo,1
2185506963,santificacao,1
2185506963,expiacao-e-redencao,0.5
2269895996,evangelismo-e-missoes,1
2269895996,natureza-e-missao-da-igreja,0.7
2269895996,bens-e-responsabilidade,0.5
2269902284,cuidado-de-deus,1
2269902284,tribulacao-e-perseveranca,0.7
2238699443,batismo,1
2238699443,autoridade-das-escrituras,0.6
2238699443,aliancas-biblicas,0.5
2297049443,autoridade-das-escrituras,1
2297049443,providencia-de-deus,1
2297049443,tribulacao-e-perseveranca,0.5
2297049443,justificacao-pela-fe,0.5
2309998022,encarnacao-e-reino-de-cristo,1
2309997227,evangelismo-e-missoes,1
2157327672,providencia-de-deus,1
2157327672,encarnacao-e-reino-de-cristo,0.9
2157327672,aliancas-biblicas,0.7
2157327672,ressurreicao-e-ascensao,0.6
2209131104,criacao-e-queda,1
2209131104,expiacao-e-redencao,0.8
2209131104,justificacao-pela-fe,0.8
2238710999,batismo,1
2238710999,aliancas-biblicas,0.9
2239696175,autoridade-das-escrituras,1
2239696175,encarnacao-e-reino-de-cristo,1
2239696175,expiacao-e-redencao,0.8
2240497778,evangelismo-e-missoes,1
2240497778,batalha-espiritual,0.5
2240497778,oracao,0.5
2203526059,oracao,1
2203526059,cuidado-de-deus,0.9
2203526059,ressurreicao-e-consumacao,0.6
2293683374,evangelismo-e-missoes,1
2293683374,natureza-e-missao-da-igreja,0.6
2042881296,expiacao-e-redencao,1
2042881296,cuidado-de-deus,0.7
2042881296,diaconia,0.5
2297068247,tribulacao-e-perseveranca,1
2297068247,cuidado-de-deus,0.8
2297068247,trabalho-e-vocacao,0.7
2297066744,evangelismo-e-missoes,1
2268522086,evangelismo-e-missoes,1
2158744419,expiacao-e-redencao,1
2158744419,cristo-o-mediador,0.9
2158744419,encarnacao-e-reino-de-cristo,0.8
2221558229,batismo,1
2221558229,aliancas-biblicas,0.8
2268522908,atributos-de-deus,1
2268522908,santificacao,0.8
2268522908,cristo-o-mediador,0.7
2268522908,aliancas-biblicas,0.6
2025333100,evangelismo-e-missoes,1
2025333100,natureza-e-missao-da-igreja,0.9
2025333100,oracao,0.6
2186651388,batismo,1
2186651388,espirito-santo-e-selamento,0.7
2189630131,graca-eficaz-e-chamado,1
2189630131,expiacao-e-redencao,0.9
2189630131,cuidado-de-deus,0.8
2209134896,providencia-de-deus,1
2209134896,culto-publico,0.9
2209134896,atributos-de-deus,0.8
2209134896,cristo-o-mediador,0.6
2221564421,batismo,1
2221564421,aliancas-biblicas,0.85
2297250029,evangelismo-e-missoes,1
2297250029,apologetica,0.9
2126314065,morte-e-eternidade,0.9
2126314065,santificacao,0.8
2126314065,cuidado-de-deus,0.6
2126314065,ressurreicao-e-consumacao,0.55
2297252060,morte-e-eternidade,1
2297252060,ressurreicao-e-consumacao,0.8
2297252060,expiacao-e-redencao,0.6
2297239682,santificacao,1
2297239682,autoridade-das-escrituras,0.7
2297239682,ressurreicao-e-consumacao,0.5
2358961478,criacao-e-queda,1
2358961478,expiacao-e-redencao,0.9
2358961478,santificacao,0.5
2373669446,culto-publico,1
2373669446,ceia-do-senhor,0.5
2373669446,oracao,0.5
2297239124,santificacao,1
2297239124,espirito-santo-e-selamento,0.7
2297239124,graca-eficaz-e-chamado,0.6
2364316868,evangelismo-e-missoes,1
2364316868,apologetica,0.95
2139294189,atributos-de-deus,1
2139294189,cristo-o-mediador,0.9
2139294189,expiacao-e-redencao,0.8
2139294189,justificacao-pela-fe,0.7
2385197916,dinheiro-e-contentamento,1
2385197916,emocoes-e-sentimentos,0.5
2388859515,criacao-e-queda,1
2388859515,expiacao-e-redencao,0.8
2388859515,atributos-de-deus,0.7
2388859515,santificacao,0.5
2380504659,expiacao-e-redencao,0.98
2380504659,criacao-e-queda,0.86
2380504659,cristo-o-mediador,0.8
2388825687,providencia-de-deus,1
2388825687,aliancas-biblicas,0.8
2388825687,expiacao-e-redencao,0.8
2380404261,apologetica,1
2380404261,evangelismo-e-missoes,0.9
2380404261,autoridade-das-escrituras,0.7
2380584531,natureza-e-missao-da-igreja,1
2380584531,evangelismo-e-missoes,0.8
2380584531,santificacao,0.7
2380584531,criacao-e-queda,0.5
2380558983,natureza-e-missao-da-igreja,1
2380558983,evangelismo-e-missoes,0.8
2381638395,educacao-crista,0.9
2381638395,aliancas-biblicas,0.7
2381638395,natureza-e-missao-da-igreja,0.6
2392150494,cristo-o-mediador,1
2392150494,expiacao-e-redencao,0.9
2392150494,ressurreicao-e-ascensao,0.85
2392150494,evangelismo-e-missoes,0.85
1324616206,providencia-de-deus,1
1324616206,tribulacao-e-perseveranca,0.8
1324616206,evangelismo-e-missoes,0.7
2400188070,perdao-e-reconciliacao,1
2400188070,justificacao-pela-fe,0.95
2400188070,expiacao-e-redencao,0.9
2397234969,graca-eficaz-e-chamado,1
2397234969,evangelismo-e-missoes,0.9
2397234969,encarnacao-e-reino-de-cristo,0.7
