sermon_id,spotify_id,alive,checked_at
732119686,5lwnQ4vCT4EOz7yWUmULCU,false,2026-09-26
876988777,5XVMddxAfjL0xZ1CZQsP6k,false,2026-09-26
898460020,1cLwIsN0C5J5cfrprbs1v3,false,2026-09-26
732127057,6Wgb8fV3fKbZImBMijIgKo,false,2026-09-26
873047122,0T2T3R7aRScOSOOQC0X2Ad,false,2026-09-26
696290741,7I9OggZY02pM2xhGln3iiU,false,2026-09-26
1551686110,49oPhwBJwi0xWRCTeMEnqr,true,2026-09-26
696283831,2yrlht3SOmrmsCXdRa59SS,false,2026-09-26
1519139869,2rpRaiFkklArU7ob1I6FrK,true,2026-09-26
676484495,28kOeYEVazSixiiBNTKDAq,false,2026-09-26
1410043093,1jljMjTCzaUF1tvVQFIQJW,true,2026-09-26
1789208650,7BawXPg4rKhfbZ8eGkwI6E,true,2026-09-26
678013749,2JPiCGMAN9ZKZswAynPUIq,false,2026-09-26
1440322891,5rY3y7UqLSEII6kXoeBlmV,true,2026-09-26
1543816963,7cFGfiTtQAZ5bWOOwwCzS3,true,2026-09-26
999724447,23Y2fAncAJxlaqjN19I3rN,false,2026-09-26
1337445385,4is379iRQnQZtkyLLenifI,true,2026-09-26
713940766,4ZdbSD6PRKHUlCZh9VNXCY,false,2026-09-26
681248063,0fjbbJv72FTTvpzHEOZYwn,false,2026-09-26
910729888,4xdWQakDlwG7bB5VY0OnfD,false,2026-09-26
696289836,3G4XKl1YZYBBtctqzqiCMv,false,2026-09-26
768719251,1UMR9ir6JtwNPN8pN5Sno6,false,2026-09-26
1711220856,7BWBEDiDVBZu7ZQXBHRRCn,true,2026-09-26
1674363231,6tx09bsCDkxVYbbe99sCqt,true,2026-09-26
681509552,4S5pTT9pR6H6I2XFtPGhTi,false,2026-09-26
844353937,1jzarGycYsLEZ0sNNPgc2E,false,2026-09-26
1718565339,0sx5RR8NwQyWohBCy691Cf,true,2026-09-26
681251273,4jCp7ty2jVjFHLwKg4c6Hg,false,2026-09-26
1543328587,3frVQyd9tnwt6Jp669BdGo,true,2026-09-26
696295951,6d1eqDxvu6bdcW76WUTfwQ,false,2026-09-26
1540189468,45ldgWA4lkESyEOz2iEoUQ,true,2026-09-26
696314167,2UQB7JjSWO2FjQhn7hFA0M,false,2026-09-26
681242762,1EQImmiUzknmUVK301PfXx,false,2026-09-26
1377637159,4PcOqHsSiZxcwAxrsWQVpE,true,2026-09-26
1120404124,70SDv8MqfJpRcQcGdX3NzQ,true,2026-09-26
772956310,2nn76cm5q932Ak0nZdD5H1,false,2026-09-26
688431466,4lZewXup4U36Em27540LoD,false,2026-09-26
924118537,0OMcRFbzGGKyBVKhjBWviD,false,2026-09-26
1540178617,7GJvxCj94AA5XhflMjtHVL,true,2026-09-26
1324619557,3DqIX9PXwMobltmbVRkvR0,true,2026-09-26
904514971,6Iju7OFHK90haMv1bVSYjK,false,2026-09-26
990918361,41SNpdfDQp57Xv3FMZ6ySB,false,2026-09-26
1855461150,17VvQMLk3XmfSBTWR0lPK3,true,2026-09-26
1789199755,4MneNWGvMsmqo4VhyMnsAZ,true,2026-09-26
917455591,64fRi4tukl5aZbmpdaQQFd,false,2026-09-26
1820450442,18fToGM2JZyLjYeo5U0DmD,true,2026-09-26
1972738531,6jl9pzWnIOtYmnOWI3FWBK,true,2026-09-26
1438667848,669BYnDGE7D01dr5YmXqyp,true,2026-09-26
1281230572,2dE4WmI6HUCeaYrjO01JpA,true,2026-09-26
1782875676,1kDHrFi4VYkpHeiDYRITuV,true,2026-09-26
1800866554,6ex7KeIjevT4iUC9mJ7p4h,true,2026-09-26
1176319066,4J5ylu4LHjrgwq6zMxTiAT,true,2026-09-26
1392258598,7uYgSsGjPPAXsV9NU2ilNi,true,2026-09-26
676486034,6Vm66IJ8rFIurQcqJCukwj,false,2026-09-26
772962073,60po03grKKsSW19ZdOm1Az,false,2026-09-26
1176327160,1yAFk0SjPs2gLjLWSASkfX,true,2026-09-26
1461930868,0kHZd6KfWW5yySIm0z7dO8,true,2026-09-26
1867625913,2CKXCsf4p9mdmOu07h76xY,true,2026-09-26
768742057,1t8KE3SdIaNNUb3dCf6fF3,false,2026-09-26
1819284144,50qfVqwEmlVmIvYCFW4K7c,true,2026-09-26
1120351786,2KNpNTIb3nkJRRHZjARGfd,true,2026-09-26
1467388156,6fK8tJmzQ3DhLyyM5fFHyr,true,2026-09-26
1361305654,60XnXS1jbn1dVVr29OsYfi,true,2026-09-26
990902812,20Tr3TSx1CZvd1yWO5iQwr,false,2026-09-26
1895968185,12YPqRTwT7B78HSI7DSDdw,true,2026-09-26
1888103361,4YdgEftG6v24oePUDv9p2j,true,2026-09-26
976436881,3E6urD7QPJowYtkvdpQ90N,false,2026-09-26
1543835521,6RAS5okpGqk5Z3vQKMzksL,true,2026-09-26
1231789234,0LEc7I8IUFvH92GjDuN64A,true,2026-09-26
1561393408,3SduLFeBy2NzH7yyWWjc72,true,2026-09-26
926330512,2PJqMaSmmVt3TVYQLce5Jx,false,2026-09-26
1298946445,2ZZhuaFjLmIb8zcVeC7Glh,true,2026-09-26
768778078,5scTu7ox9SJbhoS4FB5ml3,false,2026-09-26
1438663378,1yxbFk3ZpvasjkEB2DpJGD,true,2026-09-26
1231796089,73orQe9QPQhuxmMRnTX03m,true,2026-09-26
1543993186,5FZVaHw2ppn2btjqS6bGVK,true,2026-09-26
768771580,1pXp4DlI5hNHoaD6mehbT5,false,2026-09-26
1770777756,7y6DFYENNZY6bYKtn6NdQ2,true,2026-09-26
934109098,4wPK9FCKcvM8mGUQI8FbT3,false,2026-09-26
1004423593,6cdFL3ATEdKA5BW0pzUtTV,false,2026-09-26
1199379403,34zipNs0vthUtLnCLeAC8Z,true,2026-09-26
1374554638,2IK8Tlqs97vt0iwQfltKuP,true,2026-09-26
1701557700,0Qs9xNlmk9m4pgt7cnOFZK,true,2026-09-26
745716259,7DENNRGXrMPkO9KUR0TTqo,false,2026-09-26
1349841106,6UfMeFbRV915SlIilOJw8m,true,2026-09-26
910737763,58COrMpwMRkfUPlJm2VdRy,false,2026-09-26
941012464,0CJrxNBGJrlnk1TP35hq7i,false,2026-09-26
1641333990,2UuFIWMLPuIYTwgyoEiMiF,true,2026-09-26
904702243,29SOYcJwxvzZG5Nn9XaI1m,false,2026-09-26
1974908959,1H9Lw4wrR4eTYzbH1FgNZb,true,2026-09-26
1519147972,31rnGqUyCzNUMXEwOtKP3A,true,2026-09-26
924123754,42LdVDY6IkWJ0ViZRyvFYO,false,2026-09-26
1186303417,6OIK8FyphSRCzCxejK1vPo,true,2026-09-26
1243327906,7IJTXKY99hVJfRjURKvKhR,true,2026-09-26
1374610597,5vlgbs0zix5UEOcwRaEzcp,true,2026-09-26
976450375,60E7UTo4aqCyond6Ozl0A4,false,2026-09-26
1880055777,2ARwrWI8UQ8TQ9M7uGaTcn,true,2026-09-26
950736802,6dd0MptOwqC4SBcN8L0Qwr,false,2026-09-26
1613154447,1mR3SYhyY3TF1SkCt6orYp,true,2026-09-26
1569679444,4Y5Q9FIB1C3yzh6JDbniO9,true,2026-09-26
1420235239,5Ompjn9UoJ4pNo0MdeS4Xy,true,2026-09-26
1750093614,0VHbdLuRCAsRZVULM6CyOK,true,2026-09-26
1176318775,71rNnpEXbgcxRdThdKlW5H,true,2026-09-26
1706538447,2wSUFodjKcWBd2gL8scMbe,true,2026-09-26
1561411696,3a2finVSp2IyORXaQoXisz,true,2026-09-26
917458672,0QuG5PFAbT9nd3V8T6NnII,false,2026-09-26
1517268859,4Ku9AqZ7ZldSfGUNzDuzoT,true,2026-09-26
1311122305,1v6XRpf1Nwlsgson7AhAkG,true,2026-09-26
1337538826,4Eb72wdHu2mRUJYRi95sqt,true,2026-09-26
1346064853,2oruh6EoNY2qpUa091AQHe,true,2026-09-26
733999195,6OHcscz4GK5gwgtYw7YIjo,false,2026-09-26
1186283743,4RoEWvG5PzBYNxajwjrUIJ,true,2026-09-26
966274549,7pXWhLhTRPmnoBsoK3GNIi,false,2026-09-26
990947275,1Pnx8uhGYChUytDzz4ldK5,false,2026-09-26
912767914,2kOK4oAZX3SEkvr7pXCjZx,false,2026-09-26
943556527,42duwmy2hF4O2GJeYtbnkT,false,2026-09-26
1745538255,3draUvBduH4mCLsnGw97UH,true,2026-09-26
1888247964,3gD3w8aFRqo4mvdKnvqZLw,true,2026-09-26
1612338510,07JUAun8JpWtoH1RAWa9ga,true,2026-09-26
772955293,1WNphoXdTS8h3u9f9KwDbS,false,2026-09-26
929476951,6q7saz0YNx500hOgq9QmbI,false,2026-09-26
1888473222,1sq5Qe7iSI7dZmmIn16WzF,true,2026-09-26
1210543666,6oZdNKOqdEADH7LkQNfdQW,true,2026-09-26
1268801233,2t5AsuwQpRJkhKbH6miF7e,true,2026-09-26
1220830990,6ZCKCuHviuaz5OCqXeYOcV,true,2026-09-26
745716865,3W7HxTa8j3yFIG8pCCeBKD,false,2026-09-26
1585036807,1zUzBmeh1YbV83DYI1N1DU,true,2026-09-26
1461931729,5ChGEB8RtJ7B3gTzrbncLu,true,2026-09-26
1004401606,1u0BY8W7fYXQ2MbJoBvFiO,false,2026-09-26
1867816125,6K3kH19S9bc0Dvs2YEK7Dk,true,2026-09-26
768751630,4ynPFF01Q2Nym5tQM0I8XZ,false,2026-09-26
1268989900,364Ki3mULDfw3z66f3XduN,true,2026-09-26
1795566427,7LjRpcl4aLl3zDLdLJkrCT,true,2026-09-26
688435093,0iG9ATU7zE924nrUkl2C9p,false,2026-09-26
1701800850,1IQppzDfXzUB2TAEaZVD4M,true,2026-09-26
1142779882,5wHraa601MRBHMKeSw4TrF,true,2026-09-26
1346068804,13buFyzOdD8d6LSWijZKHA,true,2026-09-26
941030242,5qCGNr5bsokebWNkD392DK,false,2026-09-26
958237837,0swDCl5x31isZzgY3Lo0Yn,false,2026-09-26
1105308331,31mDhB0qV0xtWKTqAznlYq,true,2026-09-26
929252041,2URCu0EzoWfkSlJj1D27KU,false,2026-09-26
1120324048,3qdC58L6GHnFdd0JQxKYYH,true,2026-09-26
1324612273,15E1FHhGK6tvz99qbr7PoC,true,2026-09-26
1488260560,1mAzBeGAPQM8mWX6dlId9K,true,2026-09-26
1310650318,1tASBT7X32kkXqV2x5314I,true,2026-09-26
1392798385,2P1qwf5jLn6nxxrgH3GExo,true,2026-09-26
1291228063,3FM1jLL4VkGTA3NekSCqHV,true,2026-09-26
1164187987,2ZEMyBSgaMkdlAPzgycbxk,true,2026-09-26
943542745,0NVVml82bHSnZtN2z3nTSs,false,2026-09-26
1540200088,0uVA1sjUM2CE22IHalbeoR,true,2026-09-26
840114226,1r9dqBdpS7AVlXLglpzAIW,false,2026-09-26
1199386144,7FSYpHwmCy8EXFrDMJpGTK,true,2026-09-26
1837952967,0SvWt9W8J39FjfOawtzbez,true,2026-09-26
1687304721,1YjZOgCKbCBOnLRLaQ19QE,true,2026-09-26
1806925899,1s1zyRdrz9yEiHV7aotrlF,true,2026-09-26
745716007,2Ag1AF0hC63QYrDIRE7U7q,false,2026-09-26
1830355353,41Yi7kCNtIUBGkKblYzT9D,true,2026-09-26
1806046071,2zRkW0v7VCpZtq9ujNJt16,true,2026-09-26
1115963209,3tnIp1pd5q8bhGpt2JWThn,true,2026-09-26
1517246116,5ZRmf5Hg9l11qWpZ3HSiah,true,2026-09-26
1291220776,0SIZYCMF4MGOdcC79aXwDM,true,2026-09-26
1461531352,6QT9jKrTEEZcMND7Kdq9NU,true,2026-09-26
1574521825,59se91hGhi1StcxmaQBHWB,true,2026-09-26
844357060,0KYl6n4SrwASpOJnPPFxBP,false,2026-09-26
1974880831,73P3uJqMf3NfMIYIE88SbX,true,2026-09-26
1421033197,0Gj3TsF186kZ3Z8se3TPEl,true,2026-09-26
1461535417,496ZJE1qOoVWMXtgazvhPZ,true,2026-09-26
768761029,5GepoUnyZOgeZcLOxQZWwV,false,2026-09-26
1929121337,23nwb7B594wnG6aA7VrDar,true,2026-09-26
1256021752,2zLELtbp6QnS3pSJs1b0MJ,true,2026-09-26
1519140202,2ul4VX3PoK5PNILWwaJrgs,true,2026-09-26
1062267499,4XTXC032BLBHbwjZcpEUzO,false,2026-09-26
1971226727,4dC6Yn3Y5sZ7iq38w0b68k,true,2026-09-26
1281227713,4AgRyp7B5Yd4c882oEZTxj,true,2026-09-26
1929151187,3hbTjdS7YhzIJKnNW1KE31,true,2026-09-26
1256018542,5X2VOp1pYrgoABps9AusmL,true,2026-09-26
840116581,6RVs34N92o9nR0je9gtPt4,false,2026-09-26
880910485,0dIgZx27kE3Uns8moFgKVx,false,2026-09-26
941024383,761oJUaj44I6gVjLigqoVQ,false,2026-09-26
1926048176,7kJmrLIsqc6feUtdDSAQVd,true,2026-09-26
1630211508,6NMojlQYMNBjFsjawEZLuv,true,2026-09-26
1770787788,5o3KSh1c8LQwRmbzgudQKv,true,2026-09-26
840107491,33Reg6TAnGbBHZSEmwjhjl,false,2026-09-26
1142769673,6XQRayl2Bza9KDvMOeiwvh,true,2026-09-26
1410040672,6PKNthLcVciJ1pgw3GdhLJ,true,2026-09-26
1255833595,2wMkIpzgo5gdZIItFQ1VFT,true,2026-09-26
1256014006,2gwF6POmBFqybMCF3Bqef2,true,2026-09-26
732123319,6KINTKmcrjRB3IXtckBY8v,false,2026-09-26
929785990,7LYksDI39dIcuWvkSbADY2,false,2026-09-26
1210550542,6GvJjAS2z0qS8Yl2TQwK78,true,2026-09-26
1466870110,0eAn8MhNhtDMRu6iOPHBLq,true,2026-09-26
1971239723,3cGLMnzLKaHnwWBqIZDJSM,true,2026-09-26
958247782,4ex9A8UEWWL3190yE2u7p1,false,2026-09-26
966275953,6ppXpqI00tzAeXzACPWGi2,false,2026-09-26
990918763,2QaMsrqRq9pttVJ09pAaUn,false,2026-09-26
1310651968,3WGEmvLicntK57TSlqXCyV,true,2026-09-26
1929128333,3ZFh1Xfqg37F4WfoZHLC92,true,2026-09-26
768776035,11dQDNcs5tu8Zs52DQx1VL,false,2026-09-26
1674378069,6G5mR7KetRZITCifVcttjo,true,2026-09-26
1043458225,6GOmXd4nWdkB5BCSPhFIqF,false,2026-09-26
1820311581,1rTzw9i4tiReh2UdPh8X7e,true,2026-09-26
768713350,4uTZIZaBKR8rTNEOrmiHtb,false,2026-09-26
840100750,4ZYkunAoMMIkMCWKmHW162,false,2026-09-26
1938323714,3HzEBjkPyIdsI9rkdsWD4K,true,2026-09-26
1654579647,5eG4Dr6hjPq3J0vo7xkbrr,true,2026-09-26
1179289150,1rG3u43cZf6VaNmnzJen19,true,2026-09-26
1268985496,0nXSeAU4vExo52gedMIkf0,true,2026-09-26
1612548963,6PCR5pgMGBpvCfqVMdJJeZ,true,2026-09-26
864921700,7zpH4qqYRCl4UbtihD103K,false,2026-09-26
852570235,0PBVuxFmPJkwDxWqxoKFfc,false,2026-09-26
1855465287,7xBUsx6ImUzFZcCrq8HOHo,true,2026-09-26
888836137,5KHSvMaJJxpGY7FWhOgbZK,false,2026-09-26
1432458379,2dY3xgVwUcZtII1RSC0MgN,true,2026-09-26
1268800444,4zSoACIHdEGgTOZMwTAWkW,true,2026-09-26
1876853475,09yTIpjpNc4nCgRxfbZFb1,true,2026-09-26
1164192160,71o9GZrCzPRrD4tAmuGpBR,true,2026-09-26
1410046036,66sU7iA1KtxP3n7H6mcIlj,true,2026-09-26
1043493988,53qMqabZHk2mEmNro63MJi,false,2026-09-26
1453491166,1IisJnG18uie4gbQv3LtR0,true,2026-09-26
990905998,2DJvxehZFR1kvDalbXZERN,false,2026-09-26
1488261289,7q9ozhxfNEXDkXkRhTT2nz,true,2026-09-26
1903803476,55Lp1KBvND8BUzmQx9nxPv,true,2026-09-26
999724843,2Dr4v0MbRbjYsKPW6wtQK2,false,2026-09-26
840095968,7eONEeLJBxX2DHuRwx33vT,false,2026-09-26
1243343836,2ATqmA472wNWSVlaVyvwFO,true,2026-09-26
926336647,4DIFhZVd876YPBwEHPMc9O,false,2026-09-26
768756274,5zTFnjBWUIdV1hDxemTRI0,false,2026-09-26
745716154,4HPW02z3UIGzU2WtBdHr27,false,2026-09-26
1374591088,2Jcph7joTeFM7kkKgS100Q,true,2026-09-26
1281224695,7uIarrbypYNuUoSQTlqukV,true,2026-09-26
1186303681,7IRNKPU8cj7iJF7jtpIXfJ,true,2026-09-26
1231774948,4gvcPqvpW0aWtE7Bqxutzj,true,2026-09-26
966276796,6JXPeZYlxmqDJbHlJZrXCW,false,2026-09-26
1115965372,6I51ntWcv1FV75QBzgRBA7,true,2026-09-26
1268993833,5jQguvgVtvQ671Pc8AilcH,true,2026-09-26
1176593596,04oC9KMKabiyaNj9WI2qoK,true,2026-09-26
1310639365,5VdWAvoFoiXoD6JvMDY7Je,true,2026-09-26
1718569257,3WhNvtZe3W0WYalGNJ5ciu,true,2026-09-26
1004426026,5ANmF5y7vg3TdY2G5U1Vxm,false,2026-09-26
966275530,3bG0dNyznWw4ECBc4tCvso,false,2026-09-26
1268804893,0JAfpzMPt37AIANtNhmusW,true,2026-09-26
1355463550,2VOIKx40OQA1lkcIM5ow9G,true,2026-09-26
1310644120,2m8bXPOjYizwCppnpT1zuU,true,2026-09-26
1903796558,3aipcA5hsKEkJssaioB2LY,true,2026-09-26
918706501,3GH1TnyECeTIdtWHyt4OkZ,false,2026-09-26
1176345286,2VVoMK3Pres8jCRfBIcvm8,true,2026-09-26
802462999,65ldjDSvlIkyUoTmEfcMpk,false,2026-09-26
1115955271,2Mh7MawZvlsna3Naz7N7ru,true,2026-09-26
1176326599,2yp8C5sHgE4JmWyBsdmsmm,true,2026-09-26
1324606105,1N0kq4oItWRY6ErKAnc782,true,2026-09-26
1517268160,3IzuN0ciMY5QclbxwxCIRW,true,2026-09-26
1004402791,4LmS4n6pt9A68C4F2SyJmj,false,2026-09-26
1929134126,0Bqa2zisfY2PPVuAyYkO6S,true,2026-09-26
1176335227,6ENVQruJ4jhE344qRJskxb,true,2026-09-26
1097144929,2jAZGQCATTPacpl2Tms2ke,true,2026-09-26
1179289414,37zJmmbQs3kzYISSkzcfB2,true,2026-09-26
1142770771,3eE7pbpWZvcmeTHckSfJ1m,true,2026-09-26
1453478590,1M8ABugzGMwFbJhu1nyoj2,true,2026-09-26
1861343481,7b5Qoz8cXZIjtRfx8EWSWq,true,2026-09-26
1887929094,0KLoHv6suvQH4c0PIwSIpc,true,2026-09-26
1013704708,6bwwDaoBWLFtfwMydqqpnk,false,2026-09-26
868987384,3JEmFtYQCf9fZQYRpaRZzH,false,2026-09-26
892662463,056rCspswdAtQGy9IxWdS9,false,2026-09-26
1645802787,56CVGNunKkxtE4WBdtkr9C,true,2026-09-26
768772096,1rOmRc5w8sohvQtrmsHfL2,false,2026-09-26
1674375114,1Xq3DQxHswonXb3kuCCOBx,true,2026-09-26
1176321586,6b3uF0OKWPT7t3vNP9GGUG,true,2026-09-26
990952663,4ZZEUvjVmUmcc9ELhY1v08,false,2026-09-26
1186287832,2G3PkSTkpPctsQCQwzqeRM,true,2026-09-26
1291214050,7ee6Y26QMRxS2R6swUbvxd,true,2026-09-26
1120335916,0HMOVqvtC90i3roKURKjdV,true,2026-09-26
1361306026,6BNCTNvYOcjibJirixCY9u,true,2026-09-26
733999618,5x7uEGxHqLeAEcyH2exJe2,false,2026-09-26
976437973,7ulQjsR3HgtmMnuDAcpJ2F,false,2026-09-26
1311125191,6yJP7FpkAtkdVNGmgSaqP8,true,2026-09-26
1076514586,5ZMUg6KOXVTaEHATfIBs8Q,false,2026-09-26
840097399,7zA8rlI2sFX5hKf2LDTP46,false,2026-09-26
1728915015,6NxyEOllbwY1Q2gndfIcih,true,2026-09-26
1861344426,6WUuVQhSM7mSPbOOdjuisN,true,2026-09-26
1971209091,1rcWC25LgdGjGFLijXN9D3,true,2026-09-26
1519141552,6xAqUZfO9SVcFvjhqBa34T,true,2026-09-26
1687321344,4DFBPLdVjDRk5kJv8XcVmR,true,2026-09-26
1176584521,4kaALuDRBDA5WV0oLEWfB1,true,2026-09-26
1346070574,2ortfPWcz1GOVQiyqKpkNo,true,2026-09-26
856672258,2BLufNAi6MclcAteNd9oGe,false,2026-09-26
1017983836,3kM9TS7uC6nO60tknyxv9V,false,2026-09-26
1903795193,5RiRRKRiCeMRnpa9tpIMCu,true,2026-09-26
1291215931,1WPoRUjt1QwBJNrWg5FdZF,true,2026-09-26
1543819762,015SyRrIw58zZ8gDqPvOOf,true,2026-09-26
900729031,0tMPsOISzFboWixrlJUYFX,false,2026-09-26
896585956,4fQ3jmiCBzBxOhFxHh2Pt5,false,2026-09-26
1231795630,38SWLDqRcDozrk0kXqHXtL,true,2026-09-26
1364754568,23DYf5Xjv2P0roFiT9fRGz,true,2026-09-26
1517267875,4aYNmyuelAutUYEx8zLi8y,true,2026-09-26
1023010333,4osEqtyC5EopSFKuuYwBlK,false,2026-09-26
1540199137,17VAL7W45zKfHYIeBYEb6J,true,2026-09-26
1971218151,21fmTBNx5D1rLpDo1hMNTV,true,2026-09-26
1221420628,018cfy21kaBgxCU98rTNGb,true,2026-09-26
1750955877,5Ez4xggQBtlJCdbMa5qKQe,true,2026-09-26
1110778255,61R5pyIxoVDCZ4zTl832NN,true,2026-09-26
732130057,0yGzs4Za3RufU2isWmttAD,false,2026-09-26
1646457042,1NmDk8menypISyAtUtRCzn,true,2026-09-26
1096264486,08BkHveihvZlz2hyNY5Lhe,false,2026-09-26
1674363819,3h2f5qMZuRNWQJhICDOEIB,true,2026-09-26
1210550935,6Yrdb0tOqYRRDttatFxB7b,true,2026-09-26
1120352887,31SpOvec2MU8hEjBGGxVNs,true,2026-09-26
1231784281,3fIsd5JuwW0WWC6rZqoqoH,true,2026-09-26
1062279430,4EcqcdvmzvlQTdUGzr3Qxm,false,2026-09-26
888832615,1uNeKtjCrooqxGNtDWXdjB,false,2026-09-26
1231778776,4q0ShxKIRzPgWA70AKmdtf,true,2026-09-26
1515682870,4SA5xAgHRMfGz6PT0Prpp6,true,2026-09-26
1361306497,1q65xbT2rNhCMgU2wKcEBR,true,2026-09-26
1674380196,0fxpbjxaIRWHzOCqsU9H4g,true,2026-09-26
1929150521,4x9zPicoEmUQM1f6Oaxurw,true,2026-09-26
1349851903,20PXlDUuDh34lMgt66FK3O,true,2026-09-26
1007577517,6nRQ6bEECGv4a8MekcfSvn,false,2026-09-26
860845129,2M5djsa2JOBV9xF7X8bKRn,false,2026-09-26
1374615619,2bQPt52X858prtDJHjiZts,true,2026-09-26
1830366774,6rPQhpH5wpK63rL4uwyjc8,true,2026-09-26
1795587958,6zYezyf3wVWaOkh2hGZtfd,true,2026-09-26
1291224529,0lGJQPVJKpitDzcVewzOcU,true,2026-09-26
1421057248,3Hg5mwcjfzMtpj8uYUOy6x,true,2026-09-26
1199383432,2PRpZWOELkc3WNrPqpQtTX,true,2026-09-26
1027233397,6HjzSl6EiQc4DolenyNPqU,false,2026-09-26
1606709691,5516LMCJfG1xo8a2ySiupd,true,2026-09-26
1062271384,3Vtn8Fn8gVkrLu2NWdj8cn,false,2026-09-26
1646774532,0jOOqeM2G4ob4dkMDiF4se,true,2026-09-26
1569679786,7iB5g32XFut2Q53FzDcG1b,true,2026-09-26
1377794626,2yMAEl9hXSd80yYBGmub8k,true,2026-09-26
1830913185,73dZymd47UtavxHWTodjKM,true,2026-09-26
1561401862,5qsXR25HzFuq58tmseK51x,true,2026-09-26
1337543116,1qZkusjyzvDZTUgzMDIu2l,true,2026-09-26
958250851,0BKxtZehRxDU5qRjHAYLL0,false,2026-09-26
1552428382,5jGccsyGVUwLWqlsPGuUAB,true,2026-09-26
1097145769,61ddaFQd3uK2kbxuWR3rwZ,true,2026-09-26
1291230400,0msmsKQAyvlBvlVRT0Mck4,true,2026-09-26
1646234136,29L4s3JCFr5FQk84E1hIlB,true,2026-09-26
1454381947,57yT0RwgRtkzsExKvGnjHo,true,2026-09-26
1585609583,5vq8FOmOGJPNDaWNzxl7NM,true,2026-09-26
1096262248,4tQ1EzPOW3MXjXh4qWo8jx,false,2026-09-26
1855439355,0YVYSMrhs5xYJdr3GrRXqA,true,2026-09-26
1221421495,29UgafwT6Xjm6Bgc4SCRfL,true,2026-09-26
1076522437,6919YBuIBB5wnWeW8u7EC5,false,2026-09-26
1974920355,4mqHcUBxphKtSbWH8TiALA,true,2026-09-26
1782875970,5M3zBi2OYT06NsuafFWdw9,true,2026-09-26
1392958885,3EH8Idh1UxAogjyVepodGs,true,2026-09-26
1641334317,1FJTlcJx4IJkhVDSLGsZej,true,2026-09-26
1310643475,4A3jzmKgE5zB2tC73ZVAcT,true,2026-09-26
1062267097,70pxdc36UM1nLHLFRvZLN1,false,2026-09-26
1076522902,2Vsw9Q49wcPsM23SEhRsyV,false,2026-09-26
1410701863,7M7deAxafW9zbAvbNwKW2U,true,2026-09-26
1243342543,00VzMoIOA4nhWLdg21t4ho,true,2026-09-26
1176590620,7Max2OJ96ihuWeZjLJ0ZTF,true,2026-09-26
1420250269,0NuUGMLD43088hvb0wZQHK,true,2026-09-26
1421067463,6NmRe7V6dsVEBbDUpjSxol,true,2026-09-26
1231798444,4s3VH9PE9EKM0gU1KDw9Mo,true,2026-09-26
1043487370,54ALamdvjPNlhBiyVpYdh4,false,2026-09-26
1355596936,1ue9Mzpc9XBZYjFWtlzO0L,true,2026-09-26
1231785454,31Nk9O1l6GHlcM08IH6OO0,true,2026-09-26
1420255681,4Dqk5lUMeAloDHsNFqTC1c,true,2026-09-26
1750258758,0prNgn5CeoXzrVXHGeBR9G,true,2026-09-26
1606747872,1EdCP4ULKvEdJWMhjNTMpi,true,2026-09-26
1687312332,0YlOSIVXZK2nNpvJ0uCMXi,true,2026-09-26
1745528445,3LgwQLmRi2RdvtY4WsxRVF,true,2026-09-26
1440325594,4VjckMl9mHaAotinDuRctM,true,2026-09-26
1432454842,6YdYsDrzKiL5LxM19DCiAR,true,2026-09-26
1268986795,5kKJn8MR1Ili6Gzr6zoGF5,true,2026-09-26
1585038067,1c6QNW9olnTors279abGgd,true,2026-09-26
1364951134,0oPMGSiYpmpcEHds6jVt2K,true,2026-09-26
1421056624,00gE9QTZKlmjmOYeEj1Z0S,true,2026-09-26
1887935607,7v5u2czwcxZemLzshDzJFQ,true,2026-09-26
1929124778,28P2sgx2g4T6VyLk1Rh8FA,true,2026-09-26
1577600830,1RcewaQ0sQHufly8L2qHb7,true,2026-09-26
807579874,5wG4CFLOfAO4SjaJT1CwGD,false,2026-09-26
1243337224,14XjiOLhGeJbXBQJZGiXwD,true,2026-09-26
1971232627,6NWQUrsR51Pu6sSeTRU7b4,true,2026-09-26
958258414,3xvNLiZyf025hUPM1zoTDV,false,2026-09-26
1176329533,48KEYEncn3AHYbNFplB2xS,true,2026-09-26
1298947930,1N3lpwpkGJZ7JyUb5X7axz,true,2026-09-26
1210547467,5Z1JkICzeFRkp0pJtUL4uy,true,2026-09-26
1926048962,4Ii80szeywcdXukD5QQ8JA,true,2026-09-26
1706591493,67MKgJ5AP9OPgzD756y91V,true,2026-09-26
1971242619,0n9ZfTRmul2KMA8mqXVddB,true,2026-09-26
1929153299,75POPV50ekqSKf6BRMhxi6,true,2026-09-26
1974902871,6rVeGpT8CtDUZi89zz6RDi,true,2026-09-26
1346066614,5BAVMBmzCMbsSnsKBr0ROF,true,2026-09-26
1912350524,1tSjBBA5H91F2WW6MD5fzf,true,2026-09-26
1618714875,2CQvblQ24lyqujoTj6aRYe,true,2026-09-26
1337446996,4M2iE0VqS4uNdbqbC2BPiU,true,2026-09-26
1543802539,3XdwvDRCzLMn9V34L5KRId,true,2026-09-26
1876859949,63vSPxbKl62oo0zxn2BtS3,true,2026-09-26
1855454256,0sQ66PBFjk6OAE7kbPnKMJ,true,2026-09-26
1324609336,4bEp7hy6IIOODB2q3itQBB,true,2026-09-26
1728934092,5tHvOaZl1k0HxmC5oMbC0M,true,2026-09-26
1971248099,5fx5tr9buXvNBYxMb0RlKC,true,2026-09-26
1971253147,4hpFhGEdcma9mwNKVOLkRj,true,2026-09-26
1701806817,6gB575cirMflj3E7RuoC4H,true,2026-09-26
1438669048,0rPmwHbpEBnLWtdWYBYYZt,true,2026-09-26
1750069524,36XAfpunEBFLNwIMjGR6Tj,true,2026-09-26
1630216476,1bR9bFLifpRGlRfNila3vV,true,2026-09-26
1701793038,1W911cJsuKh8FXImlWPeby,true,2026-09-26
1706554227,77IR8gnCDwt9TxauF268IC,true,2026-09-26
1440335845,4q2BYfqMMNVBhThFfbnpKj,true,2026-09-26
1256014420,6bg3LdKfU3nGfOr3d33U1V,true,2026-09-26
1938328931,13zhG43kC2FcYvK4E9CgGj,true,2026-09-26
1120415719,6BxU92TVyhRfKf96ufBo9i,true,2026-09-26
1453484566,1Stf6FlDksRk6b9oUaAzg9,true,2026-09-26
1625788737,58Vryllng7vCUZh8AVwAlf,true,2026-09-26
1220839258,0oKXiqTxC8lLn6fzjUOa9n,true,2026-09-26
1641501450,2pj93cyJrHXt7XnP634bhi,true,2026-09-26
1674376659,5t3PoguBnch9mJeiycbTLp,true,2026-09-26
1791187507,0WTeMymBkY6qDTuRs5zAVz,true,2026-09-26
1176587521,2o82o8k7A0OorO959ADYKn,true,2026-09-26
1855440861,2c7XuQNvtj5ketSbzErYJF,true,2026-09-26
1612549236,5621WqjNfVeakfvNNziKLn,true,2026-09-26
1488260293,10lDbdbptS0lnuA4QDkbKC,true,2026-09-26
1612339044,22TyqBUAa9yoqMxu1E1pLQ,true,2026-09-26
1255835782,6titdPnEXfxzjVFzWDoRqA,true,2026-09-26
1461931426,5es3lxTxX7ZSq1iOw0f4ye,true,2026-09-26
1519128067,4cof2VT0L0Yl5Z4Q669n82,true,2026-09-26
1268828482,6Zk1WorHS1e6qA6e6rpaeF,true,2026-09-26
1830909057,3gF5yzyMtkDPFjgmvKJjPy,true,2026-09-26
1801026820,1WpQN0veuQzDw80vTOfv29,true,2026-09-26
1903802087,3qKtOyNR1TGknP5hMAmMXa,true,2026-09-26
1350778393,2qnSxqUX5JhBcQa7Q8XE2Q,true,2026-09-26
1706566149,1GkQHcECEdLYJCdbTjtEmN,true,2026-09-26
1350463276,7fomuwody9EJa9TrkFXj37,true,2026-09-26
1855434897,0aSx7jQnVzNFbrwiYWVuaW,true,2026-09-26
1929127214,04ogrnWgBMAhqmAeNoVzxr,true,2026-09-26
1710985782,1HxjM80fROoJzwtG5ol8Nl,true,2026-09-26
1929130661,1bYJu58TCpSM4fEvh6zFYC,true,2026-09-26
1789417621,3BcpcKZstVXpNOGyhXesnG,true,2026-09-26
745716796,6q6NFnBB3NpDUTjXNa919X,false,2026-09-26
1164188455,0GsaPi192OqQzKrs9fPyUY,true,2026-09-26
1618711698,1C06t0MNTzLLg5i01LArQd,true,2026-09-26
1750735278,5yDf7kzzvUNkVrcjgnWaUH,true,2026-09-26
1420250629,25986zVl6AR2qB7S64OeCA,true,2026-09-26
1350283645,4o2DUZZm2v4laID6vYoSyP,true,2026-09-26
1880056293,68tXYUkyBnzxA6HvU6BVzF,true,2026-09-26
1199387824,5PqJeAo3QPYHFKoMCBvX37,true,2026-09-26
1641482028,7Mxonfoa2HsdjP4I8jzZZQ,true,2026-09-26
1613154825,1aG1xZtSDq26qgrvFx1ky4,true,2026-09-26
1625787492,2Kte8jZ5QtuFa1gZggPCBR,true,2026-09-26
1170141526,62aJ4n26vhLXe8LeA4svaR,true,2026-09-26
1349931310,4Sl2MtOXRSfJP7CtWQcEAF,true,2026-09-26
1974897147,0G4fFDio2PkzDp6ZSWkvyL,true,2026-09-26
1096975225,67TH3v1VkXBioXaKWSGJRq,false,2026-09-26
1170142129,0PYoVSpuYeFq7FqZ3NqXgc,true,2026-09-26
1837930761,5j6NLLeCZZVda7ZQnTCBCM,true,2026-09-26
1543326001,08bJ0ZQFoXo7YKVD2Ehiag,true,2026-09-26
1350913930,0un7k9rnY348IJkctBxIjX,true,2026-09-26
1606658214,6WzIC9z98JjEYL85MUa37H,true,2026-09-26
1687317075,3GJc7OoFJPmeYPzwyiY0c7,true,2026-09-26
1142779435,2YLHBUCF3zjUzLwLXSeFSJ,true,2026-09-26
1585047647,2rtRowBO20xQTxnn06DM6h,true,2026-09-26
2121602565,4TBJSN4UIwZ5I6SUHVrZfF,true,2026-09-26
2121601809,0szNtDeZ0jC4gEdGtfre62,true,2026-09-26
2028143080,2KzoAJ66YIIqr9W9lGjxGE,true,2026-09-26
2028129428,6Jr57eJEhasMbFMHkW9vYK,true,2026-09-26
2051377792,70VdcAs9qtZAusg7YubPfq,true,2026-09-26
2150987076,7cilnO7kMjrpziyJ1GbiGi,true,2026-09-26
2099916186,1cax0fzHNgG2xsMBdEYMDv,true,2026-09-26
2098806738,6gU0jYRRbP4tDO5Yz11cTi,true,2026-09-26
2002812519,1SR1IwmblRuCEvoY4gu0Ye,true,2026-09-26
2002813711,5C74fe4nUO7mxKTsUbTuyx,true,2026-09-26
2165791422,0qtBiMNB8yPirGdjujU0cu,true,2026-09-26
2082731127,45u0Tbsl4u1IwN9N5anxLr,true,2026-09-26
2082719532,15mKHA6F4E1tQ6xSMALEkr,true,2026-09-26
2126899857,6VHuV7FbomskTlKOkWwxAB,true,2026-09-26
2126315136,2qrbCo3K2vizUmKMqr5seZ,true,2026-09-26
2166230130,7HiAfA2PulViCLFFO6iBEQ,true,2026-09-26
2177689785,5fDVBChP5hQfOsqxYxhOzC,true,2026-09-26
2166582093,7lAqezYJghtPEt1HKdDCfi,true,2026-09-26
1987384315,669n8ekHnL2TG1EU4osopL,true,2026-09-26
2039088509,4N5psoyzpNcuVzmjhJcBwa,true,2026-09-26
2039084780,5OxGFOgiOSRvAZNHys1kwk,true,2026-09-26
2053017548,1xQEBqF5gDkWbsPSv2V5Ug,true,2026-09-26
2051387756,4RQS37OpSqNuDDDvbVYHjV,true,2026-09-26
2151673854,78UOjuhiWjxd9J2Dofn3iL,true,2026-09-26
2151670083,4V4GOXnM5hWbWHJp2iOQXn,true,2026-09-26
2100531789,0JssLogdVYpeHbvSymYSEH,true,2026-09-26
2109763098,5gvnOH1j4LSDXa15VvQZbv,true,2026-09-26
2013957827,4FIUgffaDXxUmEBvdmqk3j,true,2026-09-26
2013953571,6Ob7YYQ1lFU2TvKn8iMSqM,true,2026-09-26
2082733179,0OBGyrrfaj72sXSNpFw9Wc,true,2026-09-26
2129494950,2HdTnCQj6GomZyrW760BOL,true,2026-09-26
2129403540,0O93cvQWCkhi0V0fwdVYOz,true,2026-09-26
2177698323,6RAfv0Pi0xh83q0ETxjDuf,true,2026-09-26
2123521758,3UA55HQWS8YrE0wizy3fXB,true,2026-09-26
1987698631,6wKNfCK1V4GxFQwKojmuJO,true,2026-09-26
1987697979,7jiyKPYqmfzUneDbkJ2ETH,true,2026-09-26
2040992144,1xGLumlbtrs2YgfwTlMGF8,true,2026-09-26
2039261060,0HgAAUR7LEM2yjZcz0agvi,true,2026-09-26
2068769496,6bTWe8jukW0Ly7u0kQAFMz,true,2026-09-26
2068004408,1rgo2vaJGPwfUUqJQ25dmr,true,2026-09-26
2155492935,3VJptucquHD5aXIlL61z6Q,true,2026-09-26
2107309704,5GGU7zLU9rPbOiDaZvLd4T,true,2026-09-26
2109762861,5SBl1bWGpNiRtBcVOvKAlm,true,2026-09-26
2025323328,5kCzLVzxDSb3kQmUvtcwoE,true,2026-09-26
2025323724,2ApxFVi5WsarmyOjGWfpOn,true,2026-09-26
2082743718,5SfqaI2Tr5G7LsO1XtXFsx,true,2026-09-26
2082740580,5MhC6GutZC3wCZvkoZu800,true,2026-09-26
2133584952,4czP0FCdBYW0lydoq5W8uU,true,2026-09-26
2133462618,4wHMGA8Fyac1B0DNoe1fQg,true,2026-09-26
2125398285,2N4jV8PR0RkGM9KGs95zA2,true,2026-09-26
2125402890,0IdWPmubiZiRAZbEdv5KXT,true,2026-09-26
1996040355,2K91M42fV41D28U8Rj8nQL,true,2026-09-26
1992129555,3sqaZc6R0d48QDDctevko7,true,2026-09-26
2042875164,0FncImaaPOnzE07K6ZCJAQ,true,2026-09-26
2068785720,4YJWmt4OdSUaVP43DutzZw,true,2026-09-26
2158737579,100Ip0B8177LLrBSpSdOw1,true,2026-09-26
2109768972,7liZGoRKCgY0Yv8kywPyGJ,true,2026-09-26
2109763392,17k1wx84ohBwY8YXtzodSD,true,2026-09-26
2025338072,3aMYZFbEw586FIlVgfxvF9,true,2026-09-26
2086853619,1ieUNC599CDbeZbAZ13sg4,true,2026-09-26
2086853838,7HoacjlR0qkD7wKTYrIm9p,true,2026-09-26
2139284433,0OWM1aUMqyHAZYJ8zUJIHQ,true,2026-09-26
2125403148,5hWZp2Qsgg0LcfHvXMDssH,true,2026-09-26
2002802811,5PHvv5T2mcKnWgW9VJEAWc,true,2026-09-26
2002797083,0XAoOI7pnhV8f1uadi82xo,true,2026-09-26
2055753816,7dJP53WvuXMO5XgUEfBkN6,true,2026-09-26
2055759268,50CORiU7czOudpax9eT786,true,2026-09-26
2055760664,6V1iY87OFbK7T4bskNi1g4,true,2026-09-26
2069781600,4uLxEhNhQYLl5drLWhnCDN,true,2026-09-26
2068812956,2O351AfPMHjjeEJCGNC0Sj,true,2026-09-26
2165094324,6N24rQ8UCxK4p6vQuI2vtf,true,2026-09-26
2165561007,7ibQgZvt2q5KC2JVeInKil,true,2026-09-26
2123517330,24dtRA9rnNq0IF1J7vlJFf,true,2026-09-26
2123519028,1TY3fTkkifG6AASDal6Yu6,true,2026-09-26
2123519739,6mfDRtg6Fwn0icoZS3ySt5,true,2026-09-26
1987371107,063Pqi6b76DoW8FLFpFjPU,true,2026-09-26
1987364519,3jYbNIBDRq5cZFpeGvgG2w,true,2026-09-26
2051378456,5rM6GRWzNM9fW0gzYUWVjG,true,2026-09-26
2150993778,6Fh55Vx016xtBt45om3b51,true,2026-09-26
2166018978,6RCZLxjih9HNC1AKH9ZvOT,true,2026-09-26
2126890884,2BuoYeP8dUBrvFOjggpPFJ,true,2026-09-26
2082731973,6hqMm5jM1hUoD9rMWqa3u3,true,2026-09-26
2157327672,20HFisg0YrNuTz5iVZd0EK,true,2026-09-26
2042881296,6Ecgm16P4S3QEsRaGnli1L,true,2026-09-26
2158744419,6sPmRLtoziKn4aRD0gEuC9,true,2026-09-26
2025333100,0KtK2aBMUh8xXpHSNGiCpo,true,2026-09-26
2126314065,4o4nVyByWvWvmGr0Ckgevj,true,2026-09-26
2139294189,6e0IFaWcOlNRrCvAT40U73,true,2026-09-26
1324616206,3v4qPxmliOwRas2DGlRLCl,true,2026-09-26
